DEPTH,GR_EDTC,AT10,AT30,AT90,NPHI,DTCO,RHOM,CMFF,CMRP_3MS,TCMR
6100.1147,19.162172,610.7167,1928.8041,892.8006,0.002404781,67.752205,2.587829,,,
6100.267,18.945557,594.4945,1913.8523,797.6406,0.0012104174,67.752205,2.587829,,,
6100.4194,17.531029,567.6319,1896.8947,707.2141,0.0007431277,67.752205,2.587829,,,
6100.5723,17.112045,533.14526,1848.4954,732.5296,0.001154639,67.752205,2.587829,,,
6100.7246,17.525932,494.6514,1785.9751,658.1497,0.001553098,67.752205,2.587829,,,
6100.877,19.966127,467.00555,1556.7562,588.25085,0.0018112875,67.752205,2.587829,,,
6101.0293,20.984068,432.8141,1644.5447,526.0628,0.001302288,67.752205,2.587829,,,
6101.1816,20.990793,402.10385,1704.8882,522.2716,0.0011496549,67.752205,2.587829,,,
6101.334,19.150774,383.57285,1646.9719,676.8743,0.00038901257,67.752205,2.587829,,,
6101.4863,16.103878,365.46353,1612.5186,799.54,0.0001549202,67.752205,2.587829,,,
6101.6387,12.8330345,348.35632,1606.6985,794.45544,0.00021493068,67.752205,2.587829,,,
6101.791,11.6208725,332.43744,1550.8546,871.608,0.0008269975,67.752205,2.587829,,,
6101.944,12.428302,332.39404,1483.1493,1369.8757,0.0013573997,67.752205,2.587829,,,
6102.096,13.551465,325.14752,1314.3779,1932.0167,0.001431938,67.752205,2.587829,,,
6102.2485,12.735485,325.1474,1304.895,1925.5377,0.001825581,67.752205,2.587829,,,
6102.401,12.531898,328.1637,1456.7308,1647.5382,0.0021244276,67.752205,2.587829,,,
6102.553,10.390794,328.08215,1544.6196,1571.3147,0.003337587,67.752205,2.587829,,,
6102.7056,10.186798,333.777,1620.7087,1674.8408,0.0037236507,67.752205,2.587829,,,
6102.858,11.209823,345.7843,1617.7175,1778.047,0.0031807607,67.752205,2.587829,,,
6103.0103,12.231219,356.91544,1626.9448,1846.8196,0.0020693736,67.752205,2.587829,,,
6103.1626,12.570447,368.25696,1630.2386,1887.2092,0.0016531794,67.752205,2.587829,,,
6103.3154,11.755282,381.42188,1623.0878,1904.7476,0.0022545226,67.752205,2.587829,,,
6103.468,14.404569,382.1224,1612.3569,1906.5785,0.0026046645,67.752205,2.587829,,,
6103.62,13.450299,409.53436,1665.1158,1911.2583,0.0027350786,67.752205,2.587829,,,
6103.7725,13.654091,424.69943,1657.5476,1891.6165,0.0033298512,67.752205,2.587829,,,
6103.925,11.001347,441.61563,1558.5056,1845.9531,0.003877982,67.752205,2.587829,,,
6104.077,12.2283745,444.3739,1485.2012,1812.6909,0.004825958,67.752205,2.587829,,,
6104.2295,13.445427,423.8958,1477.6304,1774.68,0.0042736623,67.752205,2.587829,,,
6104.382,15.288304,436.90454,1491.808,1752.9128,0.004169407,67.752205,2.587829,,,
6104.5347,14.66899,419.51593,1507.2407,1737.2339,0.0040474497,67.752205,2.587829,,,
6104.687,12.432981,403.75867,1485.9026,1715.6229,0.004561816,67.752205,2.587829,,,
6104.8394,13.446639,395.64398,1400.2106,1714.8154,0.002913521,67.752205,2.587829,,,
6104.9917,14.469256,397.04947,1402.7565,1687.5999,0.0014087582,67.752205,2.587829,,,
6105.144,15.488213,395.2531,1435.0444,1698.1348,0.00023625822,67.752205,2.587829,,,
6105.2964,12.431343,385.46744,1459.488,1624.1366,0.0010890994,67.752205,2.587829,,,
6105.4487,12.635135,375.83185,1427.2096,1628.5634,0.0023849555,67.752205,2.587829,,,
6105.601,12.427072,364.05197,1389.6055,1578.974,0.0027716109,67.752205,2.587829,,,
6105.7534,13.23817,352.36954,1358.7534,1532.1606,0.0028391883,67.752205,2.587829,,,
6105.9062,13.509191,342.97144,1303.3053,1583.879,0.0022130038,67.752205,2.587829,,,
6106.0586,14.918595,332.85373,1265.6089,1641.6588,0.0025639934,67.752205,2.587829,,,
6106.211,15.81301,320.2201,1244.8196,1673.7037,0.002794159,67.752205,2.587829,,,
6106.3633,18.505354,309.53778,1162.9536,1721.356,0.0023674485,67.752205,2.587829,,,
6106.5156,23.213959,303.2673,1101.0232,1754.256,0.002212076,67.752205,2.587829,,,
6106.668,31.481,301.2415,1060.1486,1780.6556,0.002469301,67.752205,2.587829,,,
6106.8203,38.518284,301.3194,1045.6973,1787.3292,0.0032826068,67.752205,2.587829,,,
6106.9727,47.058605,301.3585,1045.7793,1775.0028,0.004766826,67.752205,2.587829,,,
6107.125,47.08507,307.10727,1051.5916,1759.9932,0.0061016353,67.752205,2.587829,,,
6107.278,50.71993,309.95108,1020.5647,1698.1533,0.0074340547,67.752205,2.587829,,,
6107.43,55.449688,309.75964,981.95215,1596.0612,0.007345475,67.752205,2.587829,,,
6107.5825,56.644745,305.15775,932.89874,1471.9662,0.009172389,67.752205,2.587829,,,
6107.735,53.621872,296.46442,874.32776,1327.3407,0.0100099,67.752205,2.587829,,,
6107.887,46.245472,285.3951,777.14844,1167.851,0.009993063,67.752205,2.587829,,,
6108.0396,47.482662,271.73315,680.1361,989.48413,0.0074360794,67.752205,2.587829,,,
6108.192,49.376926,266.50568,605.2517,862.60333,0.0062733595,67.752205,2.587829,,,
6108.344,49.376926,253.14586,550.3732,760.5101,0.006186978,67.752205,2.587829,,,
6108.497,49.58072,245.99435,505.02817,694.21625,0.00643571,67.752205,2.587829,,,
6108.6494,47.263382,239.41002,466.02664,619.91626,0.0069363713,67.752205,2.587829,,,
6108.802,41.155746,234.11264,435.5182,531.06085,0.006820863,67.752205,2.587829,,,
6108.954,37.28371,228.21587,428.15073,501.17966,0.0073720627,67.752205,2.587829,,,
6109.1064,39.117832,233.46442,423.2666,485.3256,0.0067296787,67.752205,2.587829,,,
6109.259,41.178143,243.54614,425.294,486.47006,0.006544968,67.752205,2.587829,,,
6109.411,43.202023,258.38153,435.35272,505.70926,0.0071017235,67.752205,2.587829,,,
6109.5635,38.718613,274.09042,473.97324,543.6731,0.0086658085,67.752205,2.587829,,,
6109.716,33.20402,289.79736,502.85712,602.7616,0.015375406,67.752205,2.587829,,,
6109.8687,24.455027,298.35498,547.01324,671.6557,0.022336885,67.752205,2.587829,,,
6110.021,19.156454,292.63684,591.79333,749.6404,0.026526233,67.752205,2.587829,,,
6110.1733,16.910276,301.90564,628.7148,842.73505,0.019237516,,2.587829,,,
6110.3257,20.365982,302.86066,677.0742,960.42993,0.012478864,,2.587829,,,
6110.478,23.841032,313.39392,759.6831,1077.6844,0.009335129,,2.587829,,,
6110.6304,36.497684,333.81796,869.25354,1236.5054,0.007862676,,2.587829,,,
6110.7827,42.80891,360.30362,925.9537,1354.0045,0.0071221637,,2.587829,,,
6110.935,47.281723,376.75787,948.4351,1442.1412,0.0062973476,,2.587829,,,
6111.0874,51.13664,373.52896,935.71967,1469.7297,0.008789712,,2.587829,,,
6111.24,57.46922,358.13388,953.2663,1516.3561,0.012916493,,2.587829,,,
6111.3926,60.93367,344.57748,918.68524,1424.1782,0.019099226,,2.587829,,,
6111.545,58.469666,335.7675,856.16486,1402.2769,0.023554489,,2.587829,,,
6111.6973,50.521805,328.94092,838.2038,1358.3967,0.029052798,,2.587829,,,
6111.8496,39.924656,320.01044,762.2668,1271.9742,0.03531033,,2.587829,,,
6112.002,30.169945,315.901,703.572,1175.5552,0.038449172,,2.587829,,,
6112.1543,28.120642,317.25333,676.26685,1090.8386,0.035930008,,2.587829,,,
6112.3066,36.679874,318.1526,644.75323,985.38837,0.02654018,,2.587829,,,
6112.4595,43.600018,309.76477,591.4247,827.96936,0.018949948,,2.587829,,,
6112.612,50.54031,287.51898,498.20404,711.9263,0.013307365,,2.587829,,,
6112.764,47.68723,263.08838,448.42123,585.4495,0.009654197,,2.587829,,,
6112.9165,46.042866,251.84538,416.7925,552.3788,0.012035295,,2.587829,,,
6113.069,46.048107,237.66792,385.31155,515.88367,0.018419342,,2.587829,,,
6113.221,51.938526,225.55527,352.65106,468.8479,0.026482683,,2.587829,,,
6113.3735,61.146404,216.96365,332.25696,423.39743,0.022447277,,2.587829,,,
6113.526,69.9313,204.46716,317.13165,369.17572,0.021733949,,2.587829,,,
6113.678,78.68557,205.09633,302.7008,345.94254,0.02833727,,2.587829,,,
6113.831,80.49646,212.73065,303.04004,341.04263,0.031393703,,2.587829,,,
6113.9834,68.241875,228.87987,326.00998,363.67972,0.022716023,,2.587829,,,
6114.1357,51.559265,252.96674,369.99194,409.94833,0.012086065,,2.587829,,,
6114.288,35.656353,264.73743,428.87463,456.17255,0.0068573197,,2.587829,,,
6114.4404,31.162569,302.23285,491.55423,545.88696,0.0049571116,,2.587829,,,
6114.593,31.786171,321.95294,549.4826,637.1263,0.0029478078,,2.587829,,,
6114.745,34.44265,319.0635,598.3808,692.81396,0.0032921203,,2.587829,,,
6114.8975,30.988571,305.48975,640.46265,783.2239,0.0037956547,,2.587829,,,
6115.05,25.270187,305.83694,702.95435,919.5289,0.004649323,,2.587829,,,
6115.2026,21.601944,302.0415,749.3616,1078.7126,0.005273592,,2.587829,,,
6115.355,23.846266,301.60245,819.35925,1251.8588,0.0056589087,,2.587829,,,
6115.5073,25.061285,323.74472,908.7396,1451.4244,0.008863016,,2.587829,,,
6115.6597,31.771551,335.9574,1024.3547,1601.9514,0.017601784,,2.587829,,,
6115.812,39.529915,354.46527,1112.7103,1721.7269,0.03427122,,2.587829,,,
6115.9644,48.096878,349.81836,1150.7854,1807.7965,0.053120926,,2.587829,,,
6116.1167,47.704144,335.07257,1125.0123,1865.6676,0.055122275,,2.587829,,,
6116.269,44.22278,333.3585,1139.1609,1901.0768,0.044026323,,2.587829,,,
6116.422,38.31283,325.66702,1131.0713,1904.8612,0.025359226,,2.587829,,,
6116.574,36.51144,327.6191,1132.4963,1924.697,0.018240005,,2.587829,,,
6116.7266,32.629845,331.46625,1180.5645,1924.5576,0.020076528,,2.587829,,,
6116.879,35.67329,330.52338,1217.3112,1892.155,0.029931473,,2.587829,,,
6117.0312,40.75307,332.63126,1232.8861,1886.0917,0.03897797,,2.587829,,,
6117.1836,59.307636,336.8918,1255.8484,1901.3048,0.039074577,,2.587829,,,
6117.336,70.733376,341.92334,1260.9934,1902.1692,0.033743154,,2.587829,,,
6117.4883,81.51658,345.39856,1253.2849,1897.4446,0.030134523,,2.587829,,,
6117.6406,81.720375,342.2973,1229.7438,1893.073,0.03072134,,2.587829,,,
6117.7935,79.04892,328.4589,1200.6794,1874.1326,0.029214984,,2.587829,,,
6117.946,76.22152,314.14856,1161.3853,1869.6345,0.024617221,,2.587829,,,
6118.098,69.474846,297.95502,1118.6243,1876.8815,0.02081718,,2.587829,,,
6118.2505,65.40308,286.26382,1078.9545,1842.4165,0.017331699,,2.587829,,,
6118.403,52.16243,284.952,1050.2352,1853.9442,0.016229752,,2.587829,,,
6118.555,39.75272,289.4201,1011.575,1900.8198,0.014703034,,2.587829,,,
6118.7075,32.026752,293.67154,1027.0686,1909.5624,0.014744635,,2.587829,,,
6118.86,26.492933,299.32526,1048.5232,1917.0228,0.012657752,,2.587829,,,
6119.012,25.465841,306.66727,1075.4412,1923.3585,0.010217733,,2.587829,,,
6119.165,22.49843,315.57135,1110.4313,1936.4459,0.008454366,,2.587829,,,
6119.3174,21.071892,326.50485,1152.7603,1950.0,0.0075855474,,2.587829,,,
6119.4697,16.796545,338.76553,1194.7617,1950.0,0.006817747,,2.587829,,,
6119.622,15.280548,349.888,1223.024,1950.0,0.007280145,,2.587829,,,
6119.7744,16.510021,355.3221,1225.6334,1950.0,0.007200053,,2.587829,,,
6119.927,18.953077,353.30862,1198.8475,1950.0,0.0076103928,,2.587829,,,
6120.079,18.958986,345.55557,1146.8215,1950.0,0.0070369095,,2.587829,,,
6120.2314,18.334785,335.2556,1080.0093,1950.0,0.007747916,,2.587829,,,
6120.3843,18.959394,324.34225,1010.26227,1950.0,0.0077498956,,2.587829,,,
6120.5366,19.151175,312.48337,944.91644,1939.0178,0.008391153,,2.587829,,,
6120.689,18.503792,300.4364,885.47894,1915.3346,0.009143817,,2.587829,,,
6120.8413,20.942358,287.82217,830.02576,1862.7649,0.010484452,,2.587829,,,
6120.9937,21.349533,279.5291,774.3055,1849.2495,0.009566742,,2.587829,,,
6121.146,25.46747,263.00958,718.2288,1776.1556,0.0069252346,,2.587829,,,
6121.2983,26.700815,245.11638,666.28796,1740.2863,0.0045928597,,2.587829,,,
6121.4507,28.533106,240.28908,610.6246,1705.5728,0.0034322052,,2.587829,,,
6121.603,27.254501,230.99538,558.23004,1693.254,0.003502171,,2.587829,,,
6121.756,26.22495,220.90192,517.52594,1624.5043,0.0033956405,,2.587829,,,
6121.908,29.086367,213.89148,497.70596,1468.0208,0.002966467,,2.587829,,,
6122.0605,33.218052,221.6116,505.89102,1399.3353,0.002423439,,2.587829,,,
6122.213,34.633606,240.49957,546.38165,1514.9945,0.0026392106,,2.587829,,,
6122.365,31.372946,268.1834,630.0998,1566.3607,0.0029367716,,2.587829,,,
6122.5176,26.278162,296.23367,708.14215,1571.2605,0.0043775635,,2.587829,,,
6122.67,24.658815,326.03043,794.5824,1563.5211,0.0053726,,2.587829,,,
6122.8223,26.289146,355.38525,884.8122,1549.582,0.0070350114,,2.587829,,,
6122.9746,31.388723,383.64474,933.81213,1487.0562,0.0074590202,,2.587829,,,
6123.1274,31.194101,413.4267,972.7996,1405.6644,0.008050464,,2.587829,,,
6123.28,32.609657,420.35446,984.41504,1288.401,0.007701876,,2.587829,,,
6123.432,28.121454,403.84747,984.6148,1169.3052,0.0079733925,,2.587829,,,
6123.5845,24.44404,379.5209,1008.3436,1213.9319,0.008072148,,2.587829,,,
6123.737,20.43942,347.52963,1111.0404,1412.6221,0.0083381785,,2.587829,,,
6123.889,19.41355,320.87866,988.5966,908.2963,0.007211915,,2.587829,,,
6124.0415,20.847017,318.46878,771.9598,375.49475,0.0058624833,,2.587829,,,
6124.194,20.779882,209.81285,489.8107,361.27933,0.004965617,,2.587829,,,
6124.3467,20.99772,179.462,295.65274,570.7656,0.0044422224,,2.587829,,,
6124.499,24.087288,144.38097,291.9661,474.36606,0.0044911215,,2.587829,,,
6124.6514,31.036964,135.92485,249.02768,437.2258,0.0040440233,,2.587829,,,
6124.8037,36.73599,125.70276,255.50166,401.7953,0.004834012,,2.587829,,,
6124.956,41.179768,117.71899,237.93425,382.322,0.004767521,,2.587829,,,
6125.1084,39.523376,102.330444,226.56822,338.75458,0.004894968,,2.587829,,,
6125.2607,38.92423,114.23251,168.58566,211.18498,0.0038321558,,2.587829,,,
6125.413,39.520554,104.65433,126.092896,194.40463,0.0030582782,,2.587829,,,
6125.5654,42.400913,146.31978,171.93431,254.33374,0.003119652,,2.587829,,,
6125.7183,47.378742,177.96178,224.29747,432.23126,0.0032759123,,2.587829,,,
6125.8706,49.65282,228.74957,380.68854,463.1971,0.0045203795,,2.587829,,,
6126.023,53.509777,287.96832,411.07123,530.1987,0.0047499333,,2.587829,,,
6126.1753,49.94626,416.25528,510.96198,921.4258,0.0051398035,,2.587829,,,
6126.3276,46.0569,558.93555,473.698,688.23706,0.0050198813,,2.587829,,,
6126.48,40.758327,473.05038,369.38562,445.8494,0.0047319005,,2.587829,,,
6126.6323,38.70882,284.20905,327.09177,361.32996,0.0044044084,,2.587829,,,
6126.7847,38.110287,208.55888,249.86597,316.97775,0.0037665626,,2.587829,,,
6126.937,35.653606,170.37053,223.52435,264.22595,0.003714434,,2.587829,,,
6127.09,33.44073,151.087,180.51111,206.59435,0.0049608913,,2.587829,,,
6127.242,29.750498,127.85237,149.90553,174.70065,0.0057651456,,2.587829,,,
6127.3945,25.488998,111.23012,154.95297,175.45416,0.0063737147,,2.587829,,,
6127.547,25.258818,114.45642,162.82732,198.38335,0.005853162,,2.587829,,,
6127.699,22.625204,117.45004,172.22797,216.67046,0.0059225024,,2.587829,,,
6127.8516,23.107374,121.015076,182.70097,223.44595,0.006038778,,2.587829,,,
6128.004,24.135483,126.45051,194.92393,218.05153,0.0054755313,,2.587829,,,
6128.1562,26.98204,133.98705,211.06721,217.082,0.0054855635,,2.587829,,,
6128.309,26.07885,144.05585,234.09615,241.2523,0.00437391,,2.587829,,,
6128.4614,22.81819,150.55212,266.07724,244.86153,0.0037211182,,2.587829,,,
6128.614,19.563643,170.99464,304.18878,251.67696,0.002438354,,2.587829,,,
6128.766,19.360056,192.9543,336.46375,317.39786,0.003343522,,2.587829,,,
6128.9185,18.34701,207.41508,347.82617,389.43787,0.003697317,,2.587829,,,
6129.071,17.245218,199.37643,328.9445,359.73083,0.0051426413,,2.587829,,,
6129.223,16.843939,193.63445,310.91626,367.9097,0.004276055,,2.587829,,,
6129.3755,16.022863,184.82426,294.09595,390.08426,0.00395557,,2.587829,,,
6129.528,15.150158,191.98624,293.912,382.90106,0.0035884914,,2.587829,,,
6129.6807,15.35395,212.58932,329.38455,373.22202,0.004033746,,2.587829,,,
6129.833,15.965323,227.26102,360.70703,361.3127,0.0038503988,,2.587829,,,
6129.9854,16.919846,248.21051,396.04053,353.65002,0.0031920327,,2.587829,,,
6130.1377,15.895804,265.34378,417.5716,352.34857,0.002680554,,2.587829,,,
6130.29,16.086721,269.02396,406.799,370.39328,0.0018988582,,2.587829,,,
6130.4424,16.285418,265.04657,424.05063,367.9543,0.0018307493,,2.587829,,,
6130.5947,16.290503,267.9887,429.69485,373.49155,0.0023331689,,2.587829,,,
6130.747,15.279538,264.5756,455.20242,378.312,0.00298226,,2.587829,,,
6130.8994,16.909868,268.28647,470.81442,397.29807,0.003907211,,2.587829,,,
6131.0522,19.355364,278.29852,482.9519,429.2588,0.003896809,,2.587829,,,
6131.2046,22.55043,287.79944,513.5343,463.94373,0.004426096,,2.587829,,,
6131.357,26.626257,280.64105,544.14966,462.4657,0.004493764,,2.587829,,,
6131.5093,35.18549,293.1723,567.48193,524.0725,0.0051217144,,2.587829,,,
6131.6616,42.18487,303.21075,562.40485,524.42487,0.005094676,,2.587829,,,
6131.814,46.46449,292.94037,543.9082,522.0501,0.003938831,,2.587829,,,
6131.9663,49.095062,267.84058,520.3666,509.51697,0.003017074,,2.587829,,,
6132.1187,52.57806,235.0009,495.088,485.38663,0.0030251066,,2.587829,,,
6132.271,51.67798,206.36977,443.58954,465.51892,0.004724252,,2.587829,,,
6132.424,42.739655,177.28683,384.79697,416.12283,0.009208947,,2.587829,,,
6132.576,31.71638,162.4976,324.15463,343.4827,0.015173902,,2.587829,,,
6132.7285,25.076181,150.09357,270.4858,288.6358,0.019114312,,2.587829,,,
6132.881,21.60195,138.07196,235.02953,249.25742,0.020095013,,2.587829,,,
6133.033,19.73426,129.32887,207.29178,219.02843,0.019046672,,2.587829,,,
6133.1855,19.13002,124.31988,188.59628,204.50195,0.018022908,,2.587829,,,
6133.338,18.309362,122.11129,175.76518,190.82161,0.016481906,,2.587829,,,
6133.49,20.373114,121.77509,166.30637,173.11198,0.0134696085,,2.587829,,,
6133.643,20.373114,121.66432,155.15677,154.46753,0.011818046,,2.587829,,,
6133.7954,20.174812,122.78245,148.73135,142.0972,0.010034952,,2.587829,,,
6133.9478,19.163584,126.68204,143.39948,133.23372,0.00935538,,2.587829,,,
6134.1,19.564034,128.97429,136.56085,126.47844,0.009427243,,2.587829,,,
6134.2524,21.801973,131.28778,126.111374,120.36187,0.013179248,,2.587829,,,
6134.405,22.005766,131.35498,117.064125,112.66248,0.017530879,,2.587829,,,
6134.557,20.579226,119.07999,109.018486,100.96932,0.026279435,,2.587829,,,
6134.7095,17.931261,104.281685,100.12144,91.067314,0.030063668,,2.587829,,,
6134.862,17.991484,89.690834,87.880455,82.91032,0.027673556,,2.587829,,,
6135.0146,16.157362,76.60786,72.45096,73.20422,0.01740001,,2.587829,,,
6135.167,15.956012,68.64967,64.387375,59.903614,0.009200769,,2.587829,,,
6135.3193,12.8369875,61.47624,55.616043,52.421803,0.005946193,,2.587829,,,
6135.4717,13.652153,53.227325,50.024994,47.647457,0.0046182144,,2.587829,,,
6135.624,13.549113,51.110462,48.5034,46.20587,0.004773634,,2.587829,,,
6135.7764,15.588959,47.465664,47.377224,42.953884,0.005535394,,2.587829,,,
6135.9287,16.604864,44.673157,44.797405,41.839252,0.007805044,,2.587829,,,
6136.081,17.115488,42.471558,41.79804,40.619434,0.008901732,,2.587829,,,
6136.2334,17.526228,39.825558,39.180218,39.040253,0.0092228055,,2.587829,,,
6136.386,16.306532,38.794548,38.387318,38.83339,0.010055796,,2.587829,,,
6136.5386,20.178564,39.12185,39.737354,45.99772,0.011423965,,2.587829,,,
6136.691,19.971617,41.284874,42.81033,54.425053,0.013328522,,2.587829,,,
6136.8433,21.601946,45.592113,47.17131,53.428104,0.013940342,,2.587829,,,
6136.9956,19.153196,48.57348,52.131905,56.945827,0.015970092,,2.587829,,,
6137.148,17.522867,52.117382,57.745174,63.418884,0.015861249,,2.587829,,,
6137.3003,17.719946,57.50778,63.78359,71.90045,0.015357376,,2.587829,,,
6137.4526,18.137712,63.882915,69.252625,77.65657,0.015302955,,2.587829,,,
6137.6055,17.28343,67.2577,74.382774,79.92931,0.016799238,,2.587829,,,
6137.758,14.933232,68.507614,77.708244,80.15518,0.015821353,,2.587829,,,
6137.91,14.518722,67.72848,78.04265,78.25903,0.0136545645,,2.587829,,,
6138.0625,17.61135,66.79325,75.73505,81.52886,0.010715083,,2.587829,,,
6138.215,22.821337,65.95794,72.95523,80.41101,0.010922031,,2.587829,,,
6138.367,25.669733,62.996334,72.9961,79.77272,0.01127518,,2.587829,,,
6138.5195,30.55828,65.786514,78.37779,85.67639,0.011166261,,2.587829,,,
6138.672,34.43704,62.829594,87.06373,96.79407,0.010461714,,2.587829,,,
6138.824,38.925125,72.882484,91.84468,105.03581,0.0094340565,,2.587829,,,
6138.977,42.80296,70.440926,89.76522,104.07277,0.009178362,,2.587829,,,
6139.1294,40.962112,67.74886,79.653694,94.80773,0.007941224,,2.587829,,,
6139.2817,37.905243,63.711647,73.42371,93.07523,0.007791903,,2.587829,,,
6139.434,34.434788,62.92442,71.21442,90.0159,0.0068417573,,2.587829,,,
6139.5864,37.28787,64.02116,74.44661,89.442825,0.007691025,,2.587829,,,
6139.739,40.344738,65.612366,75.4999,90.09942,0.008003133,,2.587829,,,
6139.891,41.96744,66.41914,75.5882,89.882195,0.010473972,,2.587829,,,
6140.0435,44.013607,65.74179,73.60948,85.33186,0.0111303115,,2.587829,,,
6140.196,42.59328,64.89377,70.44927,80.79951,0.011615764,,2.587829,,,
6140.3486,41.377953,64.0452,68.68432,77.28654,0.010864683,,2.587829,,,
6140.501,34.848385,63.647392,66.80502,73.726074,0.010968917,,2.587829,,,
6140.6533,26.079145,63.20512,64.196236,70.733925,0.01124641,,2.587829,,,
6140.8057,20.582987,61.269375,61.260414,67.56069,0.013718955,,2.587829,,,
6140.958,17.31897,62.155052,60.219685,65.92046,0.015022223,,2.587829,,,
6141.1104,20.417818,64.68046,60.98661,65.96048,0.01422438,,2.587829,,,
6141.2627,20.41436,69.21327,62.7146,66.827835,0.011433327,,2.587829,,,
6141.415,25.314514,73.80982,64.42487,66.77453,0.008191718,,2.587829,,,
6141.568,28.940779,76.072,63.498135,65.04381,0.00656979,,2.587829,,,
6141.72,34.24281,75.66137,62.976665,63.158073,0.0049014604,,2.587829,,,
6141.8726,30.772552,71.955956,62.85895,61.822655,0.0053041717,,2.587829,,,
6142.025,34.033215,63.671833,57.70143,57.496117,0.005313016,,2.587829,,,
6142.1772,34.02711,53.994606,48.21166,48.498722,0.005731185,,2.587829,,,
6142.3296,31.989197,47.51722,45.6745,44.68869,0.00638498,,2.587829,,,
6142.482,28.584,41.235756,42.39465,41.330463,0.007380298,,2.587829,,,
6142.6343,29.548256,41.831047,41.611126,40.477028,0.007234975,,2.587829,,,
6142.7866,32.39413,45.03328,42.348576,36.399235,0.006284063,,2.587829,,,
6142.9395,33.353832,48.867863,41.779064,37.12268,0.004770063,,2.587829,,,
6143.092,32.395676,41.228825,36.096706,34.939285,0.0047733174,,2.587829,,,
6143.244,32.40288,38.827164,35.846558,33.856594,0.003948513,,2.587829,,,
6143.3965,35.860004,36.949745,34.29922,33.082485,0.004340728,,2.587829,,,
6143.549,39.528248,35.22853,31.380754,31.688906,0.006454928,,2.587829,,,
6143.701,46.049572,32.747528,28.74592,29.194553,0.009165293,,2.587829,,,
6143.8535,43.203815,33.14693,26.366306,26.504417,0.010055816,,2.587829,,,
6144.006,34.637257,35.089584,26.690334,27.154753,0.00838369,,2.587829,,,
6144.158,30.363243,37.853012,29.104052,29.192158,0.006848642,,2.587829,,,
6144.311,29.548079,40.912594,31.339123,31.220081,0.0060624066,,2.587829,,,
6144.4634,33.223644,43.262764,33.062794,32.664703,0.006120691,,2.587829,,,
6144.6157,34.033207,45.361324,36.950474,36.22764,0.0064478163,,2.587829,,,
6144.768,36.07112,49.340668,38.88717,38.623013,0.006544283,,2.587829,,,
6144.9204,38.9242,53.7835,42.11208,41.286766,0.006098983,,2.587829,,,
6145.0728,41.77728,56.330746,44.09575,43.603477,0.006037873,,2.587829,,,
6145.225,39.1228,58.09042,46.148663,45.76474,0.006255165,,2.587829,,,
6145.3774,39.22829,59.6333,48.888763,47.63939,0.006037088,,2.587829,,,
6145.5303,36.585117,60.85124,50.592552,49.733025,0.005516936,,2.587829,,,
6145.6826,39.647175,62.99891,53.14733,51.788025,0.005023839,,2.587829,,,
6145.835,37.50377,65.80953,56.68376,54.54874,0.0059523783,,2.587829,,,
6145.9873,34.236996,68.24882,60.350163,57.18277,0.0068428507,,2.587829,,,
6146.1396,31.17494,72.66592,65.66754,61.135933,0.007693281,,2.587829,,,
6146.292,28.729445,75.74704,67.15444,62.03789,0.008697992,,2.587829,,,
6146.4443,28.525652,77.44769,67.73684,62.556667,0.008755242,,2.587829,,,
6146.5967,28.734632,76.05017,69.07114,62.66622,0.010403534,,2.587829,,,
6146.749,27.707336,76.11471,69.721535,59.372375,0.011301531,,2.587829,,,
6146.902,27.30393,77.89911,73.13522,61.354256,0.01398629,,2.587829,,,
6147.054,21.60022,80.29692,74.901764,65.26424,0.01404499,,2.587829,,,
6147.2065,20.585938,74.894035,68.68807,65.330414,0.014384931,,2.587829,,,
6147.359,17.932474,64.895195,59.9627,57.60105,0.014406954,,2.587829,,,
6147.511,21.11589,60.049076,53.816086,53.75523,0.01530263,,2.587829,,,
6147.6636,20.711971,57.6428,51.047367,52.566925,0.017223362,,2.587829,,,
6147.816,21.119555,57.134968,51.13984,51.094498,0.01977357,,2.587829,,,
6147.9683,19.964691,57.430954,50.83412,48.43274,0.025768196,,2.587829,,,
6148.1206,20.783728,56.816563,49.68243,46.487606,0.03353947,,2.587829,,,
6148.2734,24.660751,57.863937,49.713512,47.380375,0.039407104,,2.587829,,,
6148.426,29.145376,57.486526,49.424706,47.00973,0.04035191,,2.587829,,,
6148.578,34.84766,56.869858,49.41748,46.905502,0.03674783,,2.587829,,,
6148.7305,37.89954,55.52887,49.225426,46.73386,0.03352904,,2.587829,,,
6148.883,38.720406,54.84904,49.246117,46.62911,0.028056493,,2.587829,,,
6149.035,37.90524,54.783573,49.749466,46.85526,0.026721273,,2.587829,,,
6149.1875,36.4729,55.118473,49.862698,46.798023,0.02780294,,2.587829,,,
6149.34,38.300003,55.333855,49.86147,46.325424,0.033167686,,2.587829,,,
6149.4927,37.68863,55.475056,50.221718,46.336197,0.037792668,,2.587829,,,
6149.645,37.292446,55.49171,50.752144,46.19716,0.044926405,,2.587829,,,
6149.7974,31.797104,55.77521,50.903854,45.781254,0.0501499,,2.587829,,,
6149.9497,28.944025,56.524845,50.41383,45.228306,0.050137907,,2.587829,,,
6150.102,28.530844,56.9988,50.03295,45.81666,0.04208598,,2.587829,,,
6150.2544,36.266773,57.457077,50.24312,44.05416,0.03862293,,2.587829,,,
6150.4067,43.040104,59.97827,50.838264,44.110134,0.03830353,,2.587829,,,
6150.559,45.87956,63.419044,52.313755,44.559807,0.042199757,,2.587829,,,
6150.7114,41.608078,67.82761,54.46921,45.411976,0.04615011,,2.587829,,,
6150.8643,40.14055,72.78316,56.91883,46.707283,0.047158014,,2.587829,,,
6151.0166,41.580715,76.689156,60.252605,48.66653,0.060026087,,2.587829,,,
6151.169,41.580715,80.59684,63.89493,51.19472,0.069746345,,2.587829,,,
6151.3213,41.362568,87.81484,68.889046,54.68103,0.08243972,,2.587829,,,
6151.4736,38.50949,97.64644,74.982994,57.964138,0.07905357,,2.587829,,,
6151.626,34.433666,107.192375,83.522606,64.23249,0.06826462,,2.587829,,,
6151.7783,32.810455,114.74772,91.54478,69.798485,0.053771626,,2.587829,,,
6151.9307,38.498714,119.51461,96.923325,73.61291,0.04296039,,2.587829,,,
6152.083,49.10513,121.27718,99.62284,75.52765,0.036291502,,2.587829,,,
6152.236,56.03403,120.52939,99.543,76.20696,0.03256213,,2.587829,,,
6152.388,55.84814,118.967155,101.984215,76.59908,0.03180962,,2.587829,,,
6152.5405,51.48293,128.32794,104.179985,76.819534,0.036006145,,2.587829,,,
6152.693,50.667767,129.76593,106.40955,75.5617,0.0376416,,2.587829,,,
6152.845,47.610897,130.64595,109.18004,73.92757,0.030075964,,2.587829,,,
6152.9976,49.920685,134.73152,114.33543,72.73333,0.024065511,,2.587829,,,
6153.15,45.437275,134.6656,121.01221,72.09423,0.019813173,,2.587829,,,
6153.3022,50.105152,136.63727,129.1368,72.42058,0.019195162,,2.587829,,,
6153.455,49.109924,141.96956,128.32625,73.435974,0.017020207,,2.587829,,,
6153.6074,49.51018,144.98216,140.39648,76.35433,0.014161934,,2.587829,,,
6153.76,48.510548,136.84941,156.12099,80.63377,0.011912044,,2.587829,,,
6153.912,51.14435,136.6307,184.15498,76.01818,0.010548913,,2.587829,,,
6154.0645,55.83888,149.42894,193.82059,67.052635,0.012043887,,2.587829,,,
6154.217,54.41234,140.0609,175.95789,81.37665,0.013133582,,2.587829,,,
6154.369,51.151676,121.07323,148.513,98.74022,0.014223399,,2.587829,,,
6154.5215,46.19116,101.00543,123.04649,119.529785,0.0143710105,,2.587829,,,
6154.674,44.349506,75.86152,101.49393,99.16115,0.014102032,,2.587829,,,
6154.8267,43.80495,56.783623,81.792946,80.12806,0.012699785,,2.587829,,,
6154.979,37.704884,43.86848,63.33415,63.089592,0.012233272,,2.587829,,,
6155.1313,32.18219,34.85392,49.547287,51.28566,0.012689918,,2.587829,,,
6155.2837,29.201233,32.322212,38.34891,41.934452,0.012253171,,2.587829,,,
6155.436,31.498795,22.403238,28.927578,35.56125,0.0116192205,,2.587829,,,
6155.5884,31.32286,18.67149,20.989548,28.68869,0.009846276,,2.587829,,,
6155.7407,33.421833,14.8668375,17.184025,22.225796,0.008865013,,2.587829,,,
6155.893,36.872253,17.208794,16.252295,19.090721,0.010018807,,2.587829,,,
6156.0454,44.420986,19.786,18.57673,21.573692,0.010349762,,2.587829,,,
6156.198,46.255108,19.658966,17.99708,21.02566,0.011813514,,2.587829,,,
6156.3506,49.326008,19.482649,19.179836,23.069012,0.0120494915,,2.587829,,,
6156.503,51.559265,20.463892,21.295952,25.729862,0.014963067,,2.587829,,,
6156.6553,54.17497,20.578772,22.808313,28.461111,0.016773771,,2.587829,,,
6156.8076,56.21288,20.952322,24.346231,28.541397,0.016940609,,2.587829,,,
6156.96,55.601505,22.262909,26.70016,30.131895,0.016905703,,2.587829,,,
6157.1123,55.006428,24.517866,28.818003,31.918364,0.016088031,,2.587829,,,
6157.2646,50.73424,26.912956,31.147139,34.459026,0.014323084,,2.587829,,,
6157.4175,46.658417,29.35037,33.62598,36.142693,0.012041471,,2.587829,,,
6157.57,42.396088,32.310387,37.510864,38.285473,0.01500351,,2.587829,,,
6157.722,46.056896,35.057026,43.242275,42.187252,0.022653557,,2.587829,,,
6157.8745,46.66074,41.69602,51.060356,47.135708,0.028653635,,2.587829,,,
6158.027,49.51382,49.19906,61.47169,51.751057,0.027877187,,2.587829,,,
6158.179,46.45695,58.792263,72.54658,55.141323,0.022802524,,2.587829,,,
6158.3315,44.413548,71.23609,86.12364,61.696133,0.022443421,,2.587829,,,
6158.484,45.033173,87.3278,102.80606,74.48466,0.020868368,,2.587829,,,
6158.636,44.014217,107.16602,122.582535,98.246025,0.018269503,,2.587829,,,
6158.789,49.733387,132.24652,144.8866,116.12105,0.016142778,,2.587829,,,
6158.9414,48.50239,165.53056,168.80411,121.00147,0.01523825,,2.587829,,,
6159.0938,49.317554,207.47643,188.66466,126.385,0.017038165,,2.587829,,,
6159.246,46.252853,238.32654,204.79163,132.5699,0.019070935,,2.587829,,,
6159.3984,45.64148,254.18849,220.2988,140.08563,0.020537984,,2.587829,,,
6159.551,41.973232,249.493,234.33455,149.45456,0.019782158,,2.587829,,,
6159.703,39.929527,229.88521,228.11311,158.42616,0.020175152,,2.587829,,,
6159.8555,36.872658,203.84416,208.45012,143.46478,0.019095456,,2.587829,,,
6160.008,38.10182,173.87178,179.98293,109.298416,0.020551851,,2.587829,,,
6160.1606,38.523033,144.86359,150.01952,102.567184,0.018700242,,2.587829,,,
6160.313,42.598858,127.11275,133.81844,91.677605,0.019898996,,2.587829,,,
6160.4653,40.75832,109.840225,118.5163,84.020454,0.017407475,,2.587829,,,
6160.6177,41.022217,97.30599,105.327385,78.760414,0.014685034,,2.587829,,,
6160.77,38.86447,88.08704,98.36879,76.0695,0.011191251,,2.587829,,,
6160.9224,41.309967,84.35297,95.65832,74.888,0.009542079,,2.587829,,,
6161.0747,46.140854,91.98324,97.683395,82.86391,0.008310017,,2.587829,,,
6161.227,51.94752,100.60378,108.64831,95.16795,0.007815423,,2.587829,,,
6161.3794,52.565918,104.12241,118.97144,95.25724,0.00806419,,2.587829,,,
6161.532,51.750748,114.94152,123.54694,101.20951,0.0097873295,,2.587829,,,
6161.6846,47.694244,124.46247,130.44655,109.06598,0.010472386,,2.587829,,,
6161.837,54.19826,129.353,136.91928,117.105225,0.0110555785,,2.587829,,,
6161.9893,51.149033,135.98456,141.89806,124.60266,0.010447033,,2.587829,,,
6162.1416,49.308197,138.12517,146.91058,134.3265,0.011545348,,2.587829,,,
6162.294,45.854023,142.39548,159.4864,138.74428,0.011380002,,2.587829,,,
6162.4463,45.84257,150.67964,183.70024,152.5926,0.011834155,,2.587829,,,
6162.5986,47.2684,174.63109,212.25015,177.12721,0.012233284,,2.587829,,,
6162.7515,45.03413,210.21419,277.32144,185.83618,0.0132296765,,2.587829,,,
6162.904,40.146954,240.24655,351.31915,210.97656,0.0131477695,,2.587829,,,
6163.056,41.1654,257.65295,387.8657,241.51297,0.010333891,,2.587829,,,
6163.2085,42.17692,260.93634,409.80634,279.0108,0.008336028,,2.587829,,,
6163.361,46.86412,256.81528,434.13495,286.9844,0.0069403164,,2.587829,,,
6163.513,45.445515,252.1635,458.8472,293.28207,0.0060555795,,2.587829,,,
6163.6655,46.244003,248.70102,454.2113,304.0203,0.0051193903,,2.587829,,,
6163.818,45.021255,241.86493,436.73938,295.95483,0.0039425055,,2.587829,,,
6163.97,47.88299,237.19533,429.0607,302.3208,0.004402143,,2.587829,,,
6164.123,47.288296,228.08632,409.36752,314.1803,0.0064107594,,2.587829,,,
6164.2754,54.386642,222.90967,401.2622,314.19385,0.009618943,,2.587829,,,
6164.4277,53.15524,217.8324,406.0415,323.68262,0.010725293,,2.587829,,,
6164.58,53.9704,213.09166,409.82053,365.7597,0.010423094,,2.587829,,,
6164.7324,50.336506,210.90988,403.23578,378.4966,0.008016503,,2.587829,,,
6164.885,51.32985,210.93376,400.7402,392.71545,0.007090708,,2.587829,,,
6165.037,49.7148,206.88106,396.45752,412.25183,0.005654241,,2.587829,,,
6165.1895,48.764538,204.6551,396.84628,435.91428,0.0067469524,,2.587829,,,
6165.342,50.96335,206.40848,400.63647,459.52658,0.0077755316,,2.587829,,,
6165.4946,53.35494,210.16753,415.25034,484.97098,0.011078725,,2.587829,,,
6165.647,53.897617,215.91727,439.1812,512.8061,0.013512837,,2.587829,,,
6165.7993,50.493732,224.79913,476.85086,511.2589,0.017439822,,2.587829,,,
6165.9517,50.51466,236.32518,517.6356,531.2087,0.02139703,,2.587829,,,
6166.104,47.47165,246.95291,552.76105,543.8681,0.02628104,,2.587829,,,
6166.2563,48.70233,263.22177,599.38916,549.3443,0.025822561,,2.587829,,,
6166.4087,47.089695,280.7487,608.19714,571.1462,0.02089895,,2.587829,,,
6166.561,50.899784,274.89227,608.915,526.9574,0.0154778585,,2.587829,,,
6166.714,52.733906,255.97452,602.3907,500.9171,0.011453872,,2.587829,,,
6166.866,51.707424,236.03696,573.8999,482.95496,0.008731981,,2.587829,,,
6167.0186,48.283936,233.9553,515.85846,469.96283,0.006823707,,2.587829,,,
6167.171,46.24602,216.10101,497.996,476.0089,0.006339307,,2.587829,,,
6167.323,49.115597,225.97182,483.1401,487.42712,0.0061114654,,2.587829,,,
6167.4756,50.549255,225.00923,417.47623,457.98596,0.0056126406,,2.587829,,,
6167.628,49.318676,212.7186,449.06232,393.07224,0.0055288025,,2.587829,,,
6167.7803,49.921085,224.9514,442.7121,432.82812,0.00636257,,2.587829,,,
6167.9326,56.238617,205.30067,372.39468,407.54434,0.00816507,,2.587829,,,
6168.0854,58.08057,180.91133,339.79578,400.35062,0.009792148,,2.587829,,,
6168.238,52.571697,165.10886,339.8312,398.41852,0.0099261515,,2.587829,,,
6168.39,45.024197,161.70604,299.99988,393.612,0.009990812,,2.587829,,,
6168.5425,42.58624,145.06273,258.11887,373.74838,0.0127727995,,2.587829,,,
6168.695,42.79654,133.74132,241.33743,360.88586,0.014322814,,2.587829,,,
6168.847,40.76585,133.37102,233.54831,353.5887,0.011144744,,2.587829,,,
6168.9995,39.127983,137.96724,237.49402,342.62122,0.0056338273,,2.587829,,,
6169.152,41.973022,147.84966,252.12944,319.48413,0.0017944959,,2.587829,,,
6169.304,40.1389,163.72679,275.26233,294.5357,0.0009952165,,2.587829,,,
6169.457,39.527527,182.3216,293.75848,282.37115,0.00091932324,,2.587829,,,
6169.6094,39.11232,208.40479,325.90814,258.1109,0.0010220354,,2.587829,,,
6169.7617,44.01105,232.61523,346.34128,267.5232,0.0012223383,,2.587829,,,
6169.914,44.93204,249.44862,346.2137,283.87158,0.00096916954,,2.587829,,,
6170.0664,41.27946,252.05832,333.3181,245.64832,0.0012407294,,2.587829,,,
6170.2188,35.565563,239.15924,314.0209,216.68518,0.0016447745,,2.587829,,,
6170.371,28.527475,208.42265,281.2987,185.95432,0.0021146643,,2.587829,,,
6170.5234,27.50852,174.50192,233.59624,149.98001,0.0025115556,,2.587829,,,
6170.6763,30.76918,152.15657,193.92969,130.69598,0.0024150847,,2.587829,,,
6170.8286,39.52783,135.13489,165.84158,128.68124,0.0030885418,,2.587829,,,
6170.981,41.57226,120.10242,146.30795,122.16377,0.00420634,,2.587829,,,
6171.1333,44.246735,108.333435,131.28325,112.85255,0.004663498,,2.587829,,,
6171.2856,38.698677,98.679634,116.54934,105.30315,0.0039047138,,2.587829,,,
6171.438,37.673203,85.27127,100.03207,100.44706,0.0024557556,,2.587829,,,
6171.5903,30.469526,73.63678,87.55463,95.33954,0.002574666,,2.587829,,,
6171.7427,34.191196,69.09704,79.035576,90.95356,0.0033731747,,2.587829,,,
6171.895,34.789963,61.685787,72.444275,87.59321,0.005512108,,2.587829,,,
6172.048,41.984146,53.44476,61.78749,84.538025,0.0074549355,,2.587829,,,
6172.2,40.150024,46.103966,51.65518,80.85613,0.009971786,,2.587829,,,
6172.3525,40.156326,40.832493,45.112125,78.08292,0.012719518,,2.587829,,,
6172.505,34.63827,39.587677,43.265636,75.70228,0.01421498,,2.587829,,,
6172.657,30.458641,41.962566,45.46366,73.431816,0.013103571,,2.587829,,,
6172.8096,31.483904,47.43873,50.447357,71.00336,0.009339781,,2.587829,,,
6172.962,36.970608,55.04904,57.30288,73.60063,0.0074044275,,2.587829,,,
6173.1143,40.748356,61.60362,65.83382,74.59653,0.005385731,,2.587829,,,
6173.2666,40.95215,69.99775,76.16187,81.61929,0.006056774,,2.587829,,,
6173.4194,37.910942,78.89707,83.84822,95.35232,0.0061447416,,2.587829,,,
6173.572,39.160717,93.218506,98.81385,102.061485,0.0074595176,,2.587829,,,
6173.724,38.33904,110.69045,116.75872,109.79881,0.006899337,,2.587829,,,
6173.8765,41.19212,130.15126,137.18253,118.25394,0.0061069676,,2.587829,,,
6174.029,43.401093,151.70177,155.2843,122.93881,0.005918641,,2.587829,,,
6174.181,43.80176,173.78021,170.33653,128.2938,0.0068134987,,2.587829,,,
6174.3335,42.586147,193.8932,185.63486,139.75789,0.0085351365,,2.587829,,,
6174.486,43.40131,211.2781,200.51591,160.08867,0.007938037,,2.587829,,,
6174.6387,47.082977,224.38622,214.90994,171.34428,0.009875989,,2.587829,,,
6174.791,49.113758,228.07407,227.91544,182.41342,0.0105351275,,2.587829,,,
6174.9434,49.71699,213.83754,239.16457,193.48112,0.012227589,,2.587829,,,
6175.0957,46.45633,187.39963,250.5776,204.42465,0.011071382,,2.587829,,,
6175.248,40.953964,170.39467,240.51295,216.03331,0.010486003,,2.587829,,,
6175.4004,37.077663,148.60735,236.83315,232.25919,0.009833081,,2.587829,,,
6175.5527,35.02032,137.91046,239.57887,245.0745,0.008935244,,2.587829,,,
6175.705,37.873398,144.32893,216.89032,276.4133,0.008634505,,2.587829,,,
6175.8574,36.866848,146.42043,259.31952,266.10974,0.008636107,,2.587829,,,
6176.0103,35.047173,154.12563,280.7615,256.76242,0.009031212,,2.587829,,,
6176.1626,34.232006,151.9996,240.92819,225.44453,0.0089310715,,2.587829,,,
6176.315,34.63959,140.49765,230.44069,185.6407,0.010397563,,2.587829,,,
6176.4673,35.448963,127.823364,202.89296,158.26132,0.015193105,,2.587829,,,
6176.6196,35.65927,119.75395,185.78767,150.42162,0.028744172,,2.587829,,,
6176.772,38.111897,117.39814,181.73111,158.37746,0.040650215,,2.587829,,,
6176.9243,40.160587,120.11334,192.4196,184.94287,0.04044781,,2.587829,,,
6177.0767,43.04684,132.85266,209.1152,218.80981,0.031337574,,2.587829,,,
6177.229,40.431183,146.41396,234.9993,218.96072,0.030051671,,2.587829,,,
6177.382,38.59706,155.96179,251.68152,230.61087,0.03105346,,2.587829,,,
6177.534,36.71623,175.87152,275.04056,249.9142,0.03566656,,2.587829,,,
6177.6865,36.47168,195.291,310.36508,275.81277,0.032895915,,2.587829,,,
6177.839,37.07146,206.46379,319.72302,260.34186,0.029051518,,2.587829,,,
6177.991,32.195023,213.02235,319.96896,263.51712,0.020287007,,2.587829,,,
6178.1436,34.15944,234.15802,342.33597,292.34415,0.017065454,,2.587829,,,
6178.296,35.87082,240.89543,367.33026,293.1949,0.017764233,,2.587829,,,
6178.448,42.38461,253.27914,383.39963,315.54086,0.020733837,,2.587829,,,
6178.601,41.64294,273.88492,423.7907,335.4551,0.026271181,,2.587829,,,
6178.7534,41.165897,304.68893,466.90814,353.4021,0.032482497,,2.587829,,,
6178.906,39.52855,342.47687,532.46344,382.1698,0.03861365,,2.587829,,,
6179.058,37.490635,384.0512,607.3848,409.64572,0.041038852,,2.587829,,,
6179.2104,38.910053,436.11484,687.0497,413.85712,0.038258687,,2.587829,,,
6179.363,36.874466,496.48297,748.01337,381.26904,0.029900003,,2.587829,,,
6179.515,38.091312,496.0238,742.98206,490.92078,0.021950318,,2.587829,,,
6179.6675,40.076214,478.6487,718.2683,682.49493,0.01657562,,2.587829,,,
6179.82,42.67505,396.50943,636.12616,642.8414,0.01307415,,2.587829,,,
6179.9727,46.33984,350.21442,630.75867,763.32654,0.011436493,,2.587829,,,
6180.125,42.521732,286.657,490.00778,874.73773,0.011551471,,2.587829,,,
6180.2773,37.94003,232.8783,407.52905,974.95996,0.016855765,,2.587829,,,
6180.4297,33.675365,292.99692,443.9708,1133.7452,0.030057436,,2.587829,,,
6180.582,34.49674,478.7316,573.81995,1320.2406,0.04554301,,2.587829,,,
6180.7344,36.688095,442.82913,987.8492,1573.0194,0.050906844,,2.587829,,,
6180.8867,39.943157,569.70044,1065.3214,1668.3611,0.0409661,,2.587829,,,
6181.039,38.72041,637.44116,955.7307,1640.0437,0.026908683,,2.587829,,,
6181.1914,39.325375,619.6619,903.7301,1565.0104,0.019953512,,2.587829,,,
6181.344,39.255844,490.25195,871.26135,1456.1031,0.019857619,,2.587829,,,
6181.4966,41.70857,457.88464,837.2106,1290.1124,0.02052191,,2.587829,,,
6181.649,39.070786,443.75806,764.82135,1123.1376,0.018478408,,2.587829,,,
6181.8013,36.485126,440.48477,723.99023,968.1019,0.01585149,,2.587829,,,
6181.9536,31.790697,436.8294,662.3686,830.1949,0.0147371255,,2.587829,,,
6182.106,32.60077,416.79724,587.72644,727.13586,0.014379626,,2.587829,,,
6182.2583,32.80446,395.77783,513.0112,633.5025,0.01269568,,2.587829,,,
6182.4106,32.600666,371.1457,453.87094,530.4491,0.010835962,,2.587829,,,
6182.5635,29.74759,348.6897,404.63855,448.93835,0.008542243,,2.587829,,,
6182.716,26.2806,325.5112,359.1545,383.9695,0.006575489,,2.587829,,,
6182.868,21.510004,286.82556,313.51294,326.09308,0.0045837965,,2.587829,,,
6183.0205,20.616606,250.41357,266.16666,273.13574,0.004155809,,2.587829,,,
6183.173,16.215706,217.92418,220.20886,225.27347,0.0032824033,,2.587829,,,
6183.325,18.540804,191.4861,182.5917,186.12993,0.005174867,,2.587829,,,
6183.4775,17.776777,176.76335,155.54448,164.39786,0.0111534735,,2.587829,,,
6183.63,18.721767,160.35399,136.70908,143.81995,0.02855872,,2.587829,,,
6183.782,15.300057,145.25897,120.8437,127.74943,0.05761412,,2.587829,,,
6183.935,11.859651,136.48224,109.3056,117.8955,0.08212962,,2.587829,,,
6184.0874,12.67777,130.01051,100.703094,110.150856,0.090466924,,2.587829,,,
6184.2397,17.12251,126.75966,94.82415,103.64094,0.086596884,,2.587829,,,
6184.392,24.456858,125.50803,90.83513,100.81444,0.07472883,,2.587829,,,
6184.5444,31.382807,126.2601,89.36135,100.70925,0.07590845,,2.587829,,,
6184.697,37.492474,129.23732,90.77586,103.52855,0.07791538,,2.587829,,,
6184.849,37.80068,134.59357,96.02084,110.85869,0.070187815,,2.587829,,,
6185.0015,33.928642,142.67375,105.263214,125.51579,0.050687406,,2.587829,,,
6185.154,26.992416,153.53783,117.213745,143.56763,0.030189157,,2.587829,,,
6185.3066,24.243906,166.8165,131.24446,155.59276,0.02987453,,2.587829,,,
6185.459,25.267853,181.37311,145.72664,171.44016,0.034710843,,2.587829,,,
6185.6113,22.82968,195.06712,159.26611,185.32489,0.04654013,,2.587829,,,
6185.7637,23.03347,204.75468,170.77362,197.27237,0.04815334,,2.587829,,,
6185.916,19.76782,209.1884,178.76741,206.97702,0.046960965,,2.587829,,,
6186.0684,23.436064,209.53755,182.21062,212.61101,0.045283217,,2.587829,,,
6186.2207,25.88156,208.12872,181.46294,203.29533,0.045110542,,2.587829,,,
6186.373,27.511889,206.62767,178.93893,196.66328,0.050638855,,2.587829,,,
6186.526,30.149988,204.77646,176.43874,189.75587,0.061729982,,2.587829,,,
6186.678,32.79928,202.11711,173.38457,184.26897,0.07122897,,2.587829,,,
6186.8306,38.308567,198.04024,169.90518,180.67296,0.07336401,,2.587829,,,
6186.983,38.931126,192.94948,164.80829,173.84227,0.0701625,,2.587829,,,
6187.1353,33.42876,187.84767,159.6921,166.9063,0.05468984,,2.587829,,,
6187.2876,29.952192,183.49112,154.83174,160.31798,0.03712634,,2.587829,,,
6187.44,27.506697,180.04054,150.48683,153.79967,0.019685337,,2.587829,,,
6187.5923,30.971148,177.47525,146.7325,149.47408,0.01835759,,2.587829,,,
6187.7446,30.161173,176.00168,144.2324,145.56987,0.018842673,,2.587829,,,
6187.8975,32.19339,175.03377,140.01321,139.62192,0.02007763,,2.587829,,,
6188.05,31.587313,178.31995,141.95828,139.09822,0.020756716,,2.587829,,,
6188.202,33.619427,181.96518,143.96353,131.92744,0.025516413,,2.587829,,,
6188.3545,34.44029,185.26822,142.98259,130.9143,0.026706474,,2.587829,,,
6188.507,37.28807,185.11574,138.69095,119.66935,0.025360482,,2.587829,,,
6188.659,38.312824,178.65996,130.54414,107.44005,0.020007338,,2.587829,,,
6188.8115,39.12799,165.89575,118.65983,94.9842,0.01790491,,2.587829,,,
6188.964,40.5471,149.83691,105.16037,83.36516,0.017994486,,2.587829,,,
6189.116,35.85197,131.6405,96.27543,74.44167,0.01824399,,2.587829,,,
6189.269,38.10131,119.55336,83.013664,70.218506,0.018415868,,2.587829,,,
6189.4214,32.611057,109.004295,75.71394,58.694515,0.018961791,,2.587829,,,
6189.5737,31.800264,102.54382,80.080124,58.93598,0.021701382,,2.587829,,,
6189.726,26.697845,101.72818,81.74822,57.94896,0.026208758,,2.587829,,,
6189.8784,25.06283,102.52517,88.66942,55.42067,0.03210855,,2.587829,,,
6190.031,26.081278,105.278946,86.37515,55.401764,0.036048897,,2.587829,,,
6190.183,27.507818,104.81759,79.42793,55.66515,0.043917276,,2.587829,,,
6190.3354,32.636166,104.54595,75.13381,55.788975,0.054186925,,2.587829,,,
6190.4883,37.33385,103.32725,69.96427,58.635193,0.061158277,,2.587829,,,
6190.6406,41.817257,108.564545,79.856735,63.672253,0.06532003,,2.587829,,,
6190.793,47.48985,109.61449,85.27981,64.92404,0.06817064,,2.587829,,,
6190.9453,49.725132,116.946945,86.62688,69.521805,0.07558814,,2.587829,,,
6191.0977,48.08758,123.08264,89.665215,75.06945,0.08262863,,2.587829,,,
6191.25,43.19659,120.9453,91.90105,77.00058,0.09051575,,2.587829,,,
6191.4023,41.87495,122.815414,91.974556,81.02219,0.10590155,,2.587829,,,
6191.5547,41.46056,121.34395,92.89434,84.24799,0.11351746,,2.587829,,,
6191.707,39.218853,118.75921,92.7118,87.121666,0.101856664,,2.587829,,,
6191.86,39.445675,117.718605,94.22331,88.73971,0.076845564,,2.587829,,,
6192.012,37.82317,115.7543,94.450775,90.057,0.050844952,,2.587829,,,
6192.1646,40.169777,112.48528,95.29824,91.33172,0.040376656,,2.587829,,,
6192.317,39.93652,107.678474,92.817055,91.255745,0.02984918,,2.587829,,,
6192.469,38.516186,100.01825,88.83385,87.06704,0.024297683,,2.587829,,,
6192.6216,38.811844,92.378006,84.33397,85.058174,0.02460794,,2.587829,,,
6192.774,33.410637,86.40861,80.702614,84.515396,0.03676351,,2.587829,,,
6192.9263,34.639496,82.93411,78.233635,83.2276,0.052111123,,2.587829,,,
6193.0786,35.66547,76.795876,75.46968,81.93616,0.05923003,,2.587829,,,
6193.2314,37.79228,70.58033,73.03541,81.66823,0.05987798,,2.587829,,,
6193.384,37.582375,68.51134,71.346146,86.70968,0.059512086,,2.587829,,,
6193.536,30.042097,66.69337,70.87471,93.54141,0.058738593,,2.587829,,,
6193.6885,29.346,64.8664,74.32575,104.78363,0.059844933,,2.587829,,,
6193.841,25.266207,64.981,76.63395,117.2051,0.05709423,,2.587829,,,
6193.993,31.16273,68.315926,79.21932,126.30372,0.051740564,,2.587829,,,
6194.1455,29.740366,73.50008,84.827446,140.4351,0.04283233,,2.587829,,,
6194.298,32.39362,77.76221,92.76703,153.7598,0.03460577,,2.587829,,,
6194.45,30.980505,83.26527,100.090126,172.18204,0.022697307,,2.587829,,,
6194.603,34.236988,89.96834,107.925476,192.23921,0.01499228,,2.587829,,,
6194.7554,31.721018,97.363556,114.05207,213.45018,0.010561318,,2.587829,,,
6194.9077,32.536182,103.567665,124.532974,238.30916,0.011255461,,2.587829,,,
6195.06,32.326694,112.6385,137.27971,257.735,0.012219176,,2.587829,,,
6195.2124,33.610565,121.5008,149.87207,287.81714,0.016411955,,2.587829,,,
6195.3647,32.807423,130.75818,168.58136,308.25415,0.022326618,,2.587829,,,
6195.517,30.571417,144.98216,191.78093,315.91342,0.03127123,,2.587829,,,
6195.6694,33.631435,164.3585,214.55078,380.97687,0.03516077,,2.587829,,,
6195.8223,30.970123,166.82521,223.54027,408.38568,0.032136686,,2.587829,,,
6195.9746,30.766333,160.72307,223.43698,426.90143,0.024494812,,2.587829,,,
6196.127,32.60666,152.39075,220.82007,448.82623,0.016880333,,2.587829,,,
6196.2793,36.26839,144.92584,219.97325,464.8237,0.012393821,,2.587829,,,
6196.4316,39.51685,141.29063,212.42097,465.9717,0.014073603,,2.587829,,,
6196.584,43.815014,137.96785,208.6264,457.63574,0.019511078,,2.587829,,,
6196.7363,43.87648,135.04758,204.10751,440.72906,0.025319539,,2.587829,,,
6196.8887,48.37209,134.87743,197.94533,420.27875,0.02532749,,2.587829,,,
6197.041,43.054974,131.00934,190.7643,395.26358,0.02408299,,2.587829,,,
6197.194,41.98106,126.79021,179.84384,370.19315,0.026626267,,2.587829,,,
6197.346,36.07111,123.58299,170.01729,346.54922,0.02772679,,2.587829,,,
6197.4985,31.990707,121.09353,161.00916,318.24686,0.02736989,,2.587829,,,
6197.651,31.571531,119.6844,154.13867,299.52582,0.024822796,,2.587829,,,
6197.803,31.378336,119.50492,151.29712,291.03693,0.026071021,,2.587829,,,
6197.9556,33.822613,120.43669,153.16046,293.75586,0.029566618,,2.587829,,,
6198.108,35.260746,121.922264,161.59018,315.72998,0.03166879,,2.587829,,,
6198.2603,34.638775,123.00233,172.45886,339.40945,0.03785575,,2.587829,,,
6198.4126,33.943134,123.89027,180.7744,365.08856,0.048040926,,2.587829,,,
6198.5654,33.73934,124.10783,191.26837,400.90012,0.0599841,,2.587829,,,
6198.718,35.97494,125.82738,202.004,444.3739,0.06860176,,2.587829,,,
6198.87,36.263203,129.40308,215.87674,490.52142,0.077137604,,2.587829,,,
6199.0225,33.61901,134.52936,230.77635,541.6592,0.0882044,,2.587829,,,
6199.175,33.403767,137.78934,251.95583,583.31995,0.09463578,,2.587829,,,
6199.327,34.428318,136.71603,268.993,611.79266,0.102411,,2.587829,,,
6199.4795,37.4801,137.64613,283.1707,620.6413,0.098468065,,2.587829,,,
6199.632,35.255947,144.28674,296.7612,606.01953,0.09388091,,2.587829,,,
6199.7847,33.625618,154.19476,309.86038,574.9939,0.07937317,,2.587829,,,
6199.937,28.726288,165.36264,321.39243,542.9548,0.07342418,,2.587829,,,
6200.0894,29.546747,162.44458,324.96228,499.13397,0.07385096,,2.587829,,,
6200.2417,30.158121,157.41759,313.66,475.67572,0.074576825,,2.587829,,,
6200.394,32.408165,150.9078,293.89633,426.9738,0.07167328,,2.587829,,,
6200.5464,31.847214,144.2371,269.2469,422.8184,0.068583734,,2.587829,,,
6200.6987,31.643423,142.16605,267.2071,395.82977,0.0677305,,2.587829,,,
6200.851,32.66238,134.59492,255.37297,370.32986,0.0659802,,2.587829,,,
6201.0034,34.836163,126.266464,240.47255,355.56833,0.058687307,,2.587829,,,
6201.1562,33.822193,126.01391,230.8041,352.47382,0.05314358,,2.587829,,,
6201.3086,30.765326,127.67227,234.96567,360.16522,0.05818757,,2.587829,,,
6201.461,26.849638,122.83649,224.66832,357.82816,0.06995461,,2.587829,,,
6201.6133,27.45073,123.66304,218.27774,348.05487,0.07606616,,2.587829,,,
6201.7656,30.507599,122.64807,213.42384,331.1143,0.06911267,,2.587829,,,
6201.918,33.008953,120.14711,213.51593,308.64435,0.058349513,,2.587829,,,
6202.0703,32.402866,117.613304,202.03268,284.87875,0.047640614,,2.587829,,,
6202.2227,30.168356,117.610535,196.4949,262.34592,0.042847853,,2.587829,,,
6202.375,29.964563,118.649796,195.16394,239.35321,0.033560473,,2.587829,,,
6202.528,27.72673,118.84736,192.1448,223.53416,0.029872019,,2.587829,,,
6202.68,29.55366,116.33446,190.55273,210.33955,0.028834457,,2.587829,,,
6202.8325,30.9802,116.36445,190.00934,201.5657,0.037767444,,2.587829,,,
6202.985,35.86732,118.25123,189.3135,195.95386,0.051568348,,2.587829,,,
6203.137,33.827118,119.90657,188.85521,187.17352,0.065620035,,2.587829,,,
6203.2896,33.419537,122.2222,190.82607,207.34744,0.07085625,,2.587829,,,
6203.442,32.39478,125.786736,196.40742,234.04965,0.07663302,,2.587829,,,
6203.594,31.577734,131.93869,205.676,228.71375,0.08440503,,2.587829,,,
6203.747,26.954498,135.9722,217.77008,234.41824,0.098704964,,2.587829,,,
6203.8994,24.510223,140.78725,233.0653,250.56862,0.10614816,,2.587829,,,
6204.052,23.291647,144.49138,244.7902,270.05963,0.097100265,,2.587829,,,
6204.204,28.118673,147.11623,253.12209,305.52087,0.078390636,,2.587829,,,
6204.3564,30.74679,148.96944,263.23682,329.78897,0.05372813,,2.587829,,,
6204.509,36.650227,150.19196,276.92032,325.11505,0.04052597,,2.587829,,,
6204.661,39.011806,151.283,295.49286,325.26392,0.032944273,,2.587829,,,
6204.8135,39.859035,149.0863,312.8195,442.7624,0.029252056,,2.587829,,,
6204.966,42.922413,152.72823,320.68973,466.55753,0.024112742,,2.587829,,,
6205.1187,44.229076,161.51407,317.86716,448.98074,0.019859973,,2.587829,,,
6205.271,47.68721,170.52156,286.84225,414.95084,0.021352667,,2.587829,,,
6205.4233,46.21335,177.40744,256.94348,351.6983,0.022944476,,2.587829,,,
6205.5757,49.066425,173.63033,217.45518,277.12537,0.02643094,,2.587829,,,
6205.728,45.398182,161.13168,181.89525,210.15596,0.023976553,,2.587829,,,
6205.8804,44.95401,159.99084,150.96893,156.7169,0.023308625,,2.587829,,,
6206.0327,37.01135,159.76735,125.488266,116.59038,0.021286612,,2.587829,,,
6206.185,37.826515,195.2025,104.9677,88.224525,0.020264914,,2.587829,,,
6206.3374,34.038395,202.24133,88.033516,70.54644,0.01998791,,2.587829,,,
6206.49,37.490738,180.1121,73.15369,60.192398,0.022665268,,2.587829,,,
6206.6426,33.63594,151.72694,60.746235,51.42105,0.025011536,,2.587829,,,
6206.795,34.451107,122.04681,50.330433,38.77965,0.029996183,,2.587829,,,
6206.9473,30.779612,99.99274,41.076065,30.78193,0.033482686,,2.587829,,,
6207.0996,33.406967,81.98084,34.409927,24.887543,0.033276908,,2.587829,,,
6207.252,32.388012,67.7073,29.34032,23.461452,0.034866594,,2.587829,,,
6207.4043,32.250107,55.59045,24.51717,21.473383,0.03875917,,2.587829,,,
6207.5566,31.439636,44.549732,21.049068,19.547888,0.051937524,,2.587829,,,
6207.7095,33.069965,36.182903,18.993591,17.089762,0.060376532,,2.587829,,,
6207.862,33.82402,32.99589,16.227304,15.095588,0.05842753,,2.587829,,,
6208.014,33.306152,26.700232,14.987937,14.270093,0.03993746,,2.587829,,,
6208.1665,31.273127,21.971567,13.265385,12.8452835,0.019507125,,2.587829,,,
6208.319,33.316433,19.955194,11.942583,11.867219,0.010471454,,2.587829,,,
6208.471,36.076004,19.461452,11.957467,12.039018,0.0060528605,,2.587829,,,
6208.6235,36.88628,18.491276,12.135698,12.5035095,0.0038670243,,2.587829,,,
6208.776,36.071117,17.959494,11.95905,12.440305,0.0018641014,,2.587829,,,
6208.928,38.109028,17.754768,11.346342,12.229263,0.0019896599,,2.587829,,,
6209.081,39.53557,16.938066,10.650175,11.5671425,0.0019517723,,2.587829,,,
6209.2334,39.529568,17.53103,10.756057,11.266111,0.0024106256,,2.587829,,,
6209.3857,36.87387,21.033182,12.3555975,12.791609,0.0037618445,,2.587829,,,
6209.538,34.24182,26.306852,15.244832,15.843662,0.0048729605,,2.587829,,,
6209.6904,33.636448,29.123238,19.195522,20.148745,0.005813663,,2.587829,,,
6209.843,34.458027,38.68624,27.294655,29.195412,0.005448263,,2.587829,,,
6209.995,36.85423,45.72092,33.694126,34.03628,0.005991177,,2.587829,,,
6210.1475,38.68835,49.86323,36.326973,33.681854,0.0057006082,,2.587829,,,
6210.3,38.892143,50.652832,37.983322,33.540802,0.0049321568,,2.587829,,,
6210.4526,38.9242,47.74215,37.89882,32.113235,0.00540297,,2.587829,,,
6210.605,36.26962,42.701206,34.776844,28.848242,0.005825324,,2.587829,,,
6210.7573,31.58242,37.241447,30.165825,25.351643,0.007019461,,2.587829,,,
6210.9097,29.809393,32.512085,26.262232,20.809862,0.0072450456,,2.587829,,,
6211.062,27.57298,28.899145,23.70672,19.690926,0.010245068,,2.587829,,,
6211.2144,33.279137,26.486423,21.983757,17.915155,0.014948094,,2.587829,,,
6211.3667,36.478703,23.66607,20.05027,16.840233,0.021430565,,2.587829,,,
6211.519,40.35074,20.88878,17.659962,15.981194,0.026918113,,2.587829,,,
6211.672,39.528553,17.960342,15.65908,15.223793,0.027245387,,2.587829,,,
6211.824,38.096115,16.95923,14.304184,14.588188,0.027301092,,2.587829,,,
6211.9766,36.873367,16.258682,13.966107,15.46738,0.022652522,,2.587829,,,
6212.129,37.499096,15.50864,14.046522,17.572289,0.019096741,,2.587829,,,
6212.2812,36.387196,15.631096,14.54033,17.024439,0.016074188,,2.587829,,,
6212.4336,39.036484,15.830744,14.673363,17.319284,0.017583184,,2.587829,,,
6212.586,36.78124,16.10902,14.801626,18.769825,0.02326943,,2.587829,,,
6212.7383,37.083874,15.69589,14.555721,17.971764,0.031588234,,2.587829,,,
6212.8906,39.365265,16.613873,14.7589855,17.472338,0.04015635,,2.587829,,,
6213.0435,41.394943,20.867695,17.927443,20.255453,0.043964252,,2.587829,,,
6213.196,45.274414,24.358284,22.028467,22.802769,0.04356215,,2.587829,,,
6213.348,37.902515,36.918686,25.857391,27.342762,0.03892727,,2.587829,,,
6213.5005,36.898,41.16596,28.685476,28.414307,0.037517264,,2.587829,,,
6213.653,37.501938,39.464184,31.300411,28.192013,0.037550826,,2.587829,,,
6213.805,42.18486,30.394188,26.792301,22.762789,0.04144498,,2.587829,,,
6213.9575,40.95601,25.15235,21.45985,21.539537,0.04442326,,2.587829,,,
6214.11,39.32568,25.499506,19.011847,19.564846,0.04804392,,2.587829,,,
6214.262,38.30672,28.663147,20.317524,20.272194,0.042613283,,2.587829,,,
6214.415,37.079098,34.259705,22.663155,21.708385,0.034299232,,2.587829,,,
6214.5674,31.988693,37.00482,24.04616,25.828054,0.023319969,,2.587829,,,
6214.7197,31.173529,39.567177,27.336977,27.776918,0.016345404,,2.587829,,,
6214.872,31.18451,45.696598,31.198483,31.13938,0.013176948,,2.587829,,,
6215.0244,36.07112,50.14974,35.464535,35.655052,0.011155014,,2.587829,,,
6215.177,35.66354,52.45692,38.216946,41.466915,0.01280225,,2.587829,,,
6215.329,34.918594,53.55958,40.312325,39.042744,0.0153215835,,2.587829,,,
6215.4814,33.695847,52.66691,38.837914,40.73908,0.01927303,,2.587829,,,
6215.6343,35.109978,52.86927,39.147316,40.926132,0.027940387,,2.587829,,,
6215.7866,38.103245,52.968987,38.922592,40.755672,0.040074162,,2.587829,,,
6215.939,37.896404,56.835987,39.20435,43.75663,0.050815824,,2.587829,,,
6216.0913,39.946724,59.25005,40.449413,43.859337,0.050088115,,2.587829,,,
6216.2437,38.309772,60.83838,41.695107,44.498734,0.04526418,,2.587829,,,
6216.396,38.109035,63.125225,42.637474,45.745457,0.03875289,,2.587829,,,
6216.5483,37.49766,66.67409,43.64842,46.349632,0.031169191,,2.587829,,,
6216.7007,38.324276,70.56583,44.41697,46.755474,0.021509798,,2.587829,,,
6216.853,36.683575,74.43313,45.127728,47.459316,0.014579242,,2.587829,,,
6217.006,31.59317,78.009445,46.489017,49.41609,0.010306412,,2.587829,,,
6217.158,31.989302,82.397514,49.269024,52.93115,0.008598186,,2.587829,,,
6217.3105,34.852753,86.60027,52.261005,55.988407,0.00760404,,2.587829,,,
6217.463,39.12799,92.41391,55.30761,59.674603,0.0077001275,,2.587829,,,
6217.615,42.18486,98.691864,58.680286,65.45236,0.0068004513,,2.587829,,,
6217.7676,41.56718,105.30085,62.316414,70.9138,0.006578207,,2.587829,,,
6217.92,44.03166,112.315315,67.09656,79.58787,0.006241418,,2.587829,,,
6218.0723,44.43924,121.88882,72.0069,92.598854,0.0064802924,,2.587829,,,
6218.2246,50.540573,131.59981,81.02772,101.119255,0.007284516,,2.587829,,,
6218.3774,54.80121,144.46895,91.95953,123.75953,0.008273926,,2.587829,,,
6218.53,63.576763,159.84349,96.90501,155.83495,0.011010707,,2.587829,,,
6218.682,69.51382,177.51118,101.44835,175.31958,0.013037511,,2.587829,,,
6218.8345,64.01145,194.85175,104.53526,199.00961,0.019575268,,2.587829,,,
6218.987,50.34491,205.54813,105.79433,219.36761,0.025581017,,2.587829,,,
6219.139,33.82942,197.67715,104.81961,224.229,0.033722114,,2.587829,,,
6219.2915,27.715681,175.319,100.979454,205.5897,0.029947119,,2.587829,,,
6219.444,25.473976,147.06621,95.3794,169.69844,0.029799068,,2.587829,,,
6219.5967,25.677767,124.13911,87.68981,131.12762,0.037295077,,2.587829,,,
6219.749,26.280396,111.32361,81.62006,98.567245,0.05767371,,2.587829,,,
6219.9014,26.484186,103.94181,76.96533,79.014565,0.06456172,,2.587829,,,
6220.0537,28.3234,90.962654,73.36256,63.056763,0.057929974,,2.587829,,,
6220.206,29.351103,71.76756,59.027542,50.776478,0.045323804,,2.587829,,,
6220.3584,27.516981,54.1822,43.245255,41.148705,0.044223815,,2.587829,,,
6220.5107,29.546747,32.177124,29.348299,31.266691,0.046159886,,2.587829,,,
6220.663,31.992243,23.436737,22.808878,27.751139,0.046029374,,2.587829,,,
6220.8154,39.32873,17.953398,20.614712,22.960003,0.044645466,,2.587829,,,
6220.9683,41.573486,16.37437,18.070684,20.15798,0.044394396,,2.587829,,,
6221.1206,40.141556,16.066092,15.75491,18.145782,0.034341082,,2.587829,,,
6221.273,37.492268,15.643749,14.5015955,16.914211,0.023885826,,2.587829,,,
6221.4253,36.45989,14.633765,13.701805,15.689392,0.016565667,,2.587829,,,
6221.5776,40.08713,13.380659,13.190121,16.300982,0.014718675,,2.587829,,,
6221.73,38.456802,12.594889,12.017719,15.829395,0.01419867,,2.587829,,,
6221.8823,36.432312,11.875856,11.182036,15.055484,0.015482604,,2.587829,,,
6222.0347,33.014248,11.2818985,10.470226,14.790346,0.021467226,,2.587829,,,
6222.187,31.180128,10.631366,9.916695,14.284788,0.027824644,,2.587829,,,
6222.34,31.180128,9.980839,9.4739275,13.680746,0.034625888,,2.587829,,,
6222.492,29.13774,9.470755,9.049598,13.451829,0.035453364,,2.587829,,,
6222.6445,31.175652,9.073443,8.65497,13.872904,0.040654775,,2.587829,,,
6222.797,31.114592,8.706441,8.233408,13.250244,0.04048421,,2.587829,,,
6222.949,37.62493,8.341581,7.8067336,11.283161,0.03818904,,2.587829,,,
6223.1016,41.496967,8.016684,7.8397884,11.028862,0.03298557,,2.587829,,,
6223.254,42.78709,8.3858595,8.028966,11.28751,0.030018892,,2.587829,,,
6223.4062,39.548,9.596377,8.721202,12.1411705,0.028372232,,2.587829,,,
6223.559,37.536037,9.200178,9.248476,12.934839,0.032159872,,2.587829,,,
6223.7114,35.28802,10.665321,9.651892,13.377914,0.03916143,,2.587829,,,
6223.864,40.1729,12.340517,11.473015,16.649399,0.04886746,,2.587829,,,
6224.016,40.55453,14.700614,14.242785,21.22194,0.052746143,,2.587829,,,
6224.1685,43.400997,17.292913,17.001219,25.55076,0.057027407,,2.587829,,,
6224.321,39.732754,19.40069,18.191544,29.056227,0.06479439,,2.587829,,,
6224.473,37.38648,21.972076,18.794672,32.771515,0.068434976,,2.587829,,,
6224.6255,38.404926,24.467937,20.640429,39.173515,0.07187333,,2.587829,,,
6224.778,39.63501,28.8169,24.699717,43.84075,0.07544249,,2.587829,,,
6224.9307,45.445736,37.070873,29.7411,53.682926,0.08063885,,2.587829,,,
6225.083,47.559464,44.994152,38.451065,62.00709,0.07783179,,2.587829,,,
6225.2354,50.201416,49.182037,40.562084,66.43578,0.076233104,,2.587829,,,
6225.3877,48.571087,47.394516,41.957573,70.85228,0.081272095,,2.587829,,,
6225.54,43.815197,42.207623,41.363045,70.656204,0.09945971,,2.587829,,,
6225.6924,36.971012,35.644608,34.852215,64.71431,0.10937485,,2.587829,,,
6225.8447,30.848528,38.250496,31.998846,57.666542,0.107733645,,2.587829,,,
6225.997,33.308086,23.177376,25.529488,43.19641,0.092205286,,2.587829,,,
6226.1494,36.28023,26.237066,24.699453,42.099537,0.0740269,,2.587829,,,
6226.3022,40.364803,32.163395,32.812496,53.784943,0.0660353,,2.587829,,,
6226.4546,38.306828,40.520374,40.01003,69.08166,0.06715796,,2.587829,,,
6226.607,39.325783,45.297043,43.308014,75.352974,0.06697148,,2.587829,,,
6226.7593,38.49306,37.911278,44.495525,74.41463,0.051189877,,2.587829,,,
6226.9116,39.518024,42.827377,48.745197,84.509,0.03621774,,2.587829,,,
6227.064,34.82106,45.852608,55.52019,93.276886,0.029943306,,2.587829,,,
6227.2163,32.6018,50.165768,64.46192,97.213234,0.046166677,,2.587829,,,
6227.3687,29.387611,55.181675,68.35774,97.25577,0.07149078,,2.587829,,,
6227.521,31.231497,55.373894,66.39542,100.801605,0.09674835,,2.587829,,,
6227.674,36.321392,57.325233,66.88415,118.79574,0.09983766,,2.587829,,,
6227.826,38.312828,56.114986,68.852615,124.838234,0.08758784,,2.587829,,,
6227.9785,41.36237,61.756386,73.25489,138.85107,0.07214966,,2.587829,,,
6228.131,43.084778,67.12105,81.10643,154.8506,0.076608084,,2.587829,,,
6228.283,45.31245,73.99256,89.72464,168.83873,0.08973145,,2.587829,,,
6228.4355,42.06482,82.790245,100.30181,191.51436,0.10386953,,2.587829,,,
6228.588,37.28554,91.87012,112.84159,216.73952,0.11343194,,2.587829,,,
6228.74,35.465454,98.205376,122.12615,248.53989,0.10862261,,2.587829,,,
6228.893,37.581623,104.13632,129.03389,294.74466,0.10237718,,2.587829,,,
6229.0454,36.358875,111.84993,139.82428,344.0189,0.10233277,,2.587829,,,
6229.1978,37.174046,117.94011,156.38455,388.02957,0.10764191,,2.587829,,,
6229.35,32.199093,127.482216,170.35161,441.6624,0.11016374,,2.587829,,,
6229.5024,31.374166,140.66768,197.88089,512.03174,0.10403374,,2.587829,,,
6229.655,28.521088,153.0174,224.96542,572.7821,0.101325475,,2.587829,,,
6229.807,30.451157,154.49323,218.31107,615.7125,0.10215,,2.587829,,,
6229.9595,32.085552,135.55989,192.12933,575.4081,0.09884207,,2.587829,,,
6230.112,34.93863,131.2298,178.77458,563.43994,0.099663086,,2.587829,,,
6230.2646,34.84268,123.83834,167.39478,491.56332,0.09507264,,2.587829,,,
6230.417,35.00561,122.604805,172.21132,542.01685,0.093195684,,2.587829,,,
6230.5693,33.78286,125.98225,187.20361,500.28656,0.07882453,,2.587829,,,
6230.7217,34.586838,130.21817,191.61249,461.40588,0.07175334,,2.587829,,,
6230.874,31.789083,127.80371,198.61249,423.121,0.06991961,,2.587829,,,
6231.0264,28.936005,120.97666,197.81516,384.21304,0.07291089,,2.587829,,,
6231.1787,29.15098,112.18135,182.12163,355.52408,0.06731824,,2.587829,,,
6231.331,31.948736,106.63747,163.32181,295.52518,0.058361452,,2.587829,,,
6231.4834,32.7639,99.69309,147.38457,262.68753,0.050818074,,2.587829,,,
6231.636,28.277033,93.47394,134.9597,227.36148,0.046811737,,2.587829,,,
6231.7886,28.108412,89.30081,127.33282,206.8366,0.043403063,,2.587829,,,
6231.941,32.191162,86.66331,123.76102,201.92033,0.043759022,,2.587829,,,
6232.0933,36.887627,85.63595,126.83179,207.95328,0.044976626,,2.587829,,,
6232.2456,35.472477,90.108864,131.9421,222.90915,0.05228836,,2.587829,,,
6232.398,32.816265,97.49062,139.7531,248.2212,0.05727977,,2.587829,,,
6232.5503,29.707794,107.589355,150.99226,286.9374,0.068518475,,2.587829,,,
6232.7026,28.126312,113.85867,165.18324,338.7565,0.06572754,,2.587829,,,
6232.8555,27.40148,130.4176,181.80241,402.04434,0.0587382,,2.587829,,,
6233.008,26.424555,145.02524,199.57692,476.89062,0.04615545,,2.587829,,,
6233.16,28.81581,155.60585,214.44904,582.1861,0.0418761,,2.587829,,,
6233.3125,30.569641,159.54541,225.08081,702.79126,0.041805748,,2.587829,,,
6233.465,30.369614,152.57759,226.382,846.59717,0.03863909,,2.587829,,,
6233.617,28.540884,144.99617,217.93227,1006.18304,0.029457334,,2.587829,,,
6233.7695,26.69153,139.1377,208.30309,1161.8362,0.02218228,,2.587829,,,
6233.922,26.895323,134.38547,199.90794,1280.786,0.019615686,,2.587829,,,
6234.074,28.525652,128.4967,191.94777,1327.0533,0.02094329,,2.587829,,,
6234.227,31.01679,123.33398,183.25432,1281.3512,0.022916231,,2.587829,,,
6234.3794,39.771675,118.46896,175.14526,1155.3716,0.022933232,,2.587829,,,
6234.5317,41.204224,114.0539,167.24323,982.9698,0.021512963,,2.587829,,,
6234.684,37.291737,111.25478,159.4074,800.11365,0.026553925,,2.587829,,,
6234.8364,33.631634,108.0093,150.74808,632.149,0.033034354,,2.587829,,,
6234.989,31.995293,103.4302,140.14406,493.7306,0.03757355,,2.587829,,,
6235.141,31.760208,97.73917,126.55337,383.70642,0.031701516,,2.587829,,,
6235.2935,28.091965,89.82373,110.66492,298.9777,0.025535136,,2.587829,,,
6235.446,26.2493,81.0488,95.96874,230.24341,0.023836942,,2.587829,,,
6235.5986,27.910925,73.303764,83.83181,184.0194,0.02224992,,2.587829,,,
6235.751,30.301437,66.81964,74.36548,147.65216,0.022811234,,2.587829,,,
6235.9033,33.77443,60.83735,66.918755,119.99718,0.023389542,,2.587829,,,
6236.0557,35.40476,56.55579,60.988293,101.50655,0.024310768,,2.587829,,,
6236.208,33.421833,51.23907,55.48777,87.25645,0.025028363,,2.587829,,,
6236.3604,31.180128,39.245594,49.677025,73.5722,0.02294745,,2.587829,,,
6236.5127,32.90892,34.968914,43.34006,61.4957,0.023855837,,2.587829,,,
6236.665,36.36056,33.089092,40.663162,62.97858,0.024700915,,2.587829,,,
6236.818,38.20049,27.483263,37.35302,53.99113,0.027119793,,2.587829,,,
6236.97,36.88549,27.12153,29.789974,37.731586,0.024430891,,2.587829,,,
6237.1226,34.24393,20.492016,28.268274,40.092308,0.021927936,,2.587829,,,
6237.275,32.404003,17.980896,22.161818,31.182844,0.019974556,,2.587829,,,
6237.4272,30.563667,19.264141,23.376482,34.130486,0.018189032,,2.587829,,,
6237.5796,29.770826,18.934855,24.15021,35.468067,0.015035907,,2.587829,,,
6237.732,33.432354,20.90657,26.57891,40.101162,0.012296241,,2.587829,,,
6237.8843,35.260265,19.126993,23.776632,37.188095,0.01159619,,2.587829,,,
6238.0366,37.49054,18.661676,21.184576,33.347897,0.015901893,,2.587829,,,
6238.1895,37.089672,14.759303,19.129137,28.94855,0.023092836,,2.587829,,,
6238.342,35.05797,12.9453535,15.831741,26.022892,0.047295637,,2.587829,,,
6238.494,34.027916,11.590507,14.913268,23.74713,0.06835598,,2.587829,,,
6238.6465,30.158499,12.469496,14.940573,24.192404,0.081834115,,2.587829,,,
6238.799,32.603992,12.675766,14.955506,23.83792,0.076990545,,2.587829,,,
6238.951,30.775162,12.609011,15.506429,23.346468,0.071496345,,2.587829,,,
6239.1035,34.474354,13.052242,17.052101,21.851114,0.069627844,,2.587829,,,
6239.256,31.83016,13.919191,17.910011,24.340717,0.07693993,,2.587829,,,
6239.408,31.626368,14.895678,18.218702,27.819927,0.08555391,,2.587829,,,
6239.561,31.592804,15.847157,18.925022,31.244085,0.08857657,,2.587829,,,
6239.7134,31.38392,17.112448,20.812115,33.774727,0.07663189,,2.587829,,,
6239.8657,31.787027,18.843426,23.252327,35.68635,0.052058775,,2.587829,,,
6240.018,29.137741,20.757006,25.260622,36.882782,0.028090592,,2.587829,,,
6240.1704,29.341532,22.756088,24.77859,36.480698,0.017563276,,2.587829,,,
6240.3228,31.948736,22.883982,25.496813,36.263912,0.01914379,,2.587829,,,
6240.475,36.832195,23.012035,25.921944,39.111347,0.025075318,,2.587829,,,
6240.6274,39.080112,22.98947,26.268797,39.902843,0.030880127,,2.587829,,,
6240.7803,38.5153,23.620451,27.011885,41.125477,0.029254487,,2.587829,,,
6240.9326,35.058376,25.208887,27.262411,42.288414,0.03024415,,2.587829,,,
6241.085,32.81046,26.263092,28.829031,45.395317,0.03708105,,2.587829,,,
6241.2373,35.7765,28.811523,28.953577,46.78682,0.048928645,,2.587829,,,
6241.3896,35.572712,31.386938,28.880625,48.47789,0.058283273,,2.5666974,,,
6241.542,37.610622,31.932356,29.076908,50.120476,0.07038121,,2.548074,,,
6241.6943,33.021442,32.19377,29.003263,51.123764,0.06772119,,2.5468864,,,
6241.8467,30.988214,31.856375,29.055244,51.75156,0.0653282,,2.552299,,,
6241.999,32.618546,32.228176,28.988863,51.20625,0.0568509,,2.54173,,,
6242.152,32.611355,35.168808,28.965553,50.67589,0.060224682,,2.5109131,,,
6242.304,34.14693,35.308926,28.487032,47.821533,0.05946602,,2.499647,,,
6242.4565,29.255941,37.18736,29.10442,48.281864,0.05554458,,2.4748223,,,
6242.609,27.829401,38.703796,31.18738,49.439495,0.049919605,,2.4781442,,,
6242.761,27.91397,40.642254,32.57106,50.74098,0.05303789,,2.4843433,,,
6242.9136,29.131632,41.931507,34.046516,52.88803,0.062493436,,2.5019538,,,
6243.066,33.621254,45.236954,35.47447,55.728004,0.06772282,,2.5221007,,,
6243.2183,32.811584,47.405376,37.218822,58.320618,0.065457456,,2.534889,,,
6243.3706,35.058376,50.56575,38.72535,61.471626,0.053153586,,2.5657375,,,
6243.5234,31.570917,54.47553,40.709953,66.77536,0.04311554,,2.571789,,,
6243.676,31.367126,58.752346,43.098175,71.06523,0.03730008,,2.5504062,,,
6243.828,31.163336,63.231777,45.53575,75.37509,0.04021925,,2.508064,,,
6243.9805,37.90524,65.38166,44.439857,76.142265,0.04896604,,2.4857657,,,
6244.133,44.81726,65.30225,44.813778,77.97033,0.056654755,,2.485014,,,
6244.285,50.12459,61.412525,44.703655,74.13505,0.053096764,,2.505923,,,
6244.4375,47.755688,57.61059,43.70194,68.57223,0.04917659,,2.5146685,,,
6244.59,43.696743,54.099545,41.8233,64.02329,0.05124943,,2.499741,,,
6244.7427,37.981827,50.922375,39.977955,57.382492,0.059905637,,2.4850817,,,
6244.895,34.843285,47.26679,38.016037,49.80517,0.055889986,,2.4613383,,,
6245.0474,34.435703,43.05749,35.40676,43.05315,0.04045776,,2.4712706,,,
6245.1997,33.82433,37.29947,31.668991,37.131554,0.025122516,,2.4952738,,,
6245.352,34.542847,31.569801,27.650322,32.30887,0.01817024,,2.526825,,,
6245.5044,31.694555,27.196419,24.223057,26.66823,0.018857138,,2.5393195,,,
6245.6567,30.069014,23.18227,21.463501,21.761925,0.023488294,,2.5252397,,,
6245.809,29.757874,19.922607,18.636204,18.634924,0.035674326,,2.5306132,,,
6245.9614,31.791,18.12169,16.976954,16.565763,0.045876462,,2.5747383,,,
6246.1143,35.86204,16.197798,15.1856985,15.546249,0.044506386,,2.611517,,,
6246.2666,41.165905,14.90807,14.222185,14.436039,0.036400244,,2.6145377,,,
6246.419,43.083984,12.39537,13.10153,14.194723,0.027538508,,2.605361,,,
6246.5713,42.86677,11.068648,11.466506,14.174031,0.02650284,,2.5932348,,,
6246.7236,36.14624,11.889616,12.624042,15.048155,0.030040378,,2.5770783,,,
6246.876,30.763708,12.918979,15.090951,16.787886,0.032199696,,2.5651612,,,
6247.0283,28.331635,13.869987,13.490796,16.45839,0.031182088,,2.572197,,,
6247.1807,28.734634,8.995371,10.736698,14.573454,0.028859727,,2.586709,,,
6247.333,33.211735,7.891161,8.859392,13.967024,0.022696782,,2.5916781,,,
6247.486,36.403667,6.4538584,7.112742,18.115927,0.021702148,,2.5873914,,,
6247.638,39.256744,6.8576345,7.41861,13.87053,0.023214204,,2.5842535,,,
6247.7905,35.99304,6.7212224,8.064496,13.976339,0.044980563,,2.5858579,,,
6247.943,35.253326,6.350595,9.307765,13.939248,0.0640011,,2.6018536,,,
6248.095,37.08745,7.386095,10.429429,14.791977,0.069028646,,2.607779,,,
6248.2476,38.319553,8.002812,13.449857,18.258896,0.057193715,,2.6317933,,,
6248.4,34.64459,8.134474,13.808342,19.367022,0.044421718,,2.6411128,,,
6248.5522,32.603622,9.727547,17.962255,22.218935,0.037742928,,2.6359336,,,
6248.705,32.19604,11.972021,21.831213,25.84991,0.026691979,,2.5991075,,,
6248.8574,29.954336,12.335985,22.788609,24.180548,0.017914275,,2.5643246,,,
6249.01,29.13083,16.059196,24.963879,29.991734,0.015430076,,2.5567083,,,
6249.162,31.576326,19.213333,30.558783,37.35433,0.014608793,,2.5589135,,,
6249.3145,34.84239,21.486118,31.701965,39.741833,0.016155515,,2.5776844,,,
6249.467,35.872734,25.98071,45.937542,57.33592,0.017509338,,2.5945275,,,
6249.619,35.26136,37.099735,73.17763,58.844364,0.021340571,,2.6119328,,,
6249.7715,36.071125,56.41708,105.8088,69.10482,0.022727167,,2.6204407,,,
6249.924,35.45975,79.84149,153.53648,75.51196,0.019214006,,2.6291764,,,
6250.0767,41.3697,109.72865,181.02397,90.5837,0.018176995,,2.6121297,,,
6250.229,47.47459,133.96236,156.95078,107.167595,0.0202718,,2.6097102,,,
6250.3813,46.999874,147.3544,130.6753,122.880196,0.028081995,,2.598316,,,
6250.5337,43.746548,151.60034,121.265656,138.8616,0.035521273,,2.615858,,,
6250.686,46.200893,143.88724,114.73988,149.49193,0.04471504,,2.5932686,,,
6250.8384,53.8083,127.34516,106.53966,141.6943,0.0521113,,2.6115174,,,
6250.9907,58.488163,113.15248,97.72487,130.82343,0.047939755,,2.6243336,,,
6251.143,55.431293,101.6039,88.86893,118.05908,0.03320941,,2.6030908,,,
6251.2954,51.151676,93.65928,80.65711,109.18147,0.021653248,,2.5381935,,,
6251.448,43.6055,90.09742,79.64374,98.77498,0.01730054,,2.5231256,,,
6251.6006,39.12209,86.28633,76.02548,92.2739,0.016935037,,2.5254912,,,
6251.753,36.867977,83.81939,68.22292,82.322716,0.015338492,,2.52746,,,
6251.9053,35.86032,87.744835,72.98175,80.431175,0.015516657,,2.5304832,,,
6252.0576,35.23782,76.154976,68.230415,66.61311,0.0157417,,2.564165,,,
6252.21,30.97061,76.07195,73.9354,72.31055,0.01670432,,2.5800984,,,
6252.3623,29.94137,63.77973,67.27543,66.53438,0.01871317,,2.5981872,,,
6252.5146,30.971457,65.405075,62.35543,59.66306,0.021952227,,2.5920823,,,
6252.6675,35.251072,64.86078,57.248314,54.138386,0.021892723,,2.6144218,,,
6252.82,39.535572,63.53886,55.754196,52.46498,0.021309258,,2.6247418,,,
6252.972,41.96561,61.215122,55.76853,48.458748,0.019919803,,2.6352222,,,
6253.1245,39.729,58.38297,52.699677,45.01927,0.020589422,,2.6415112,,,
6253.277,36.269844,55.41747,50.412075,38.09677,0.024590062,,2.6459477,,,
6253.429,29.747187,52.966698,50.081337,37.86202,0.03079189,,2.6193855,,,
6253.5815,29.538305,51.088787,48.951973,34.430958,0.038208287,,2.5965617,,,
6253.734,32.182297,49.093964,48.197247,36.023323,0.038109656,,2.5778074,,,
6253.886,35.052166,42.759846,42.468723,31.620985,0.036280148,,2.5779865,,,
6254.039,35.25596,39.177753,36.797546,29.1358,0.03354073,,2.5753021,,,
6254.1914,31.791506,35.331295,32.544964,25.961218,0.034641888,,2.5571873,,,
6254.3438,32.192986,35.734127,35.561012,28.010109,0.027898876,,2.5447006,,,
6254.496,34.015106,37.38103,36.528076,29.091316,0.027267106,,2.5457573,,,
6254.6484,33.616898,38.1503,37.878654,30.897566,0.029940946,,2.5489004,,,
6254.801,33.41921,37.711872,39.55981,33.52025,0.04931987,,2.5288897,,,
6254.953,33.023624,34.039707,40.68243,38.533146,0.06385215,,2.4957068,,,
6255.1055,31.995295,39.059875,51.12697,48.41368,0.06441897,,2.4971871,,,
6255.258,31.104567,39.824417,58.1013,54.560898,0.051591463,,2.5232747,,,
6255.4106,23.97187,50.75662,76.45585,65.85974,0.03877256,,2.554582,,,
6255.563,22.33483,50.486126,89.99711,77.66584,0.028731974,,2.5540512,,,
6255.7153,18.134237,49.603775,99.074356,90.72816,0.02666766,,2.5498018,,,
6255.8677,22.605644,49.403557,113.24803,110.17429,0.023281163,,2.5519102,,,
6256.02,26.076807,54.014744,126.621254,142.02089,0.028711496,,2.5860684,,,
6256.1724,28.926422,58.5822,134.42567,128.8535,0.029614931,,2.599376,,,
6256.3247,29.748703,66.86435,138.97867,130.50246,0.030392539,,2.5975747,,,
6256.477,28.525955,70.78504,134.9889,141.66083,0.0275165,,2.5993304,,,
6256.63,27.506998,73.748604,124.45943,136.41159,0.033721387,,2.5953176,,,
6256.782,29.130821,74.45166,117.30253,114.43164,0.041137733,,2.5924728,,,
6256.9346,31.96447,80.09262,118.33915,172.86823,0.04708764,,2.5586054,,,
6257.087,35.02134,87.36637,129.23636,190.9738,0.040704444,,2.5432556,,,
6257.2393,32.994816,107.78614,164.75424,188.78056,0.028594108,,2.527476,,,
6257.3916,35.05216,133.17328,228.46117,214.44945,0.016798925,,2.5243683,,,
6257.544,33.620434,163.46782,301.7402,357.70834,0.010554868,,2.523264,,,
6257.6963,34.028015,171.87093,316.38312,191.74278,0.011441637,,2.5332181,,,
6257.8486,30.424507,178.07846,275.89664,246.33215,0.021672778,,2.5752227,,,
6258.0015,32.457584,191.51112,278.4054,256.76373,0.046542577,,2.6267445,,,
6258.154,30.538368,189.07712,310.02567,175.95737,0.065847725,,2.6685703,,,
6258.306,28.639513,214.82344,370.17984,263.9646,0.07212982,,2.6956768,,,
6258.4585,25.388876,206.70891,418.95325,270.0294,0.07306157,,2.660543,,,
6258.611,27.919466,231.14946,467.6838,286.12192,0.06778317,,2.616103,,,
6258.763,32.606667,253.39981,531.323,322.0005,0.06239619,,2.5613418,,,
6258.9155,36.071117,264.91852,583.3357,339.86887,0.049716596,,2.5180087,,,
6259.068,37.453,259.31516,586.8509,348.78394,0.038921945,,2.4817333,,,
6259.22,38.690014,263.10474,559.6103,352.6694,0.027606444,,2.483641,,,
6259.373,42.146427,253.25183,531.7631,360.34415,0.02277738,,2.5138137,,,
6259.5254,44.235928,254.34175,537.34985,389.03693,0.022304218,,2.543524,,,
6259.6777,38.688004,267.8069,488.5685,391.3429,0.024219679,,2.5438616,,,
6259.83,29.321642,289.64948,533.379,390.21637,0.025182031,,2.5137339,,,
6259.9824,22.997187,307.591,513.9529,392.66922,0.026484564,,2.5037606,,,
6260.135,23.42691,306.32974,469.0193,380.24384,0.027288234,,2.5091681,,,
6260.287,27.915918,264.64352,454.7375,362.512,0.03019469,,2.5235047,,,
6260.4395,32.195538,259.633,414.27762,343.2721,0.03096973,,2.551515,,,
6260.592,35.66914,243.15002,414.59387,339.8567,0.034279365,,2.5559962,,,
6260.7446,36.27491,238.85408,407.7365,345.8478,0.031683743,,2.5460904,,,
6260.897,34.84318,234.67793,401.79962,347.276,0.03329298,,2.5290534,,,
6261.0493,30.563566,230.2878,420.90668,356.0566,0.02986404,,2.5242767,,,
6261.2017,29.003456,221.54965,369.00806,327.49176,0.031739213,,2.5296915,,,
6261.354,25.944452,208.57014,341.10492,310.77808,0.031670917,,2.5455935,,,
6261.5063,31.256681,205.04344,326.49506,296.89365,0.03415698,,2.5609128,,,
6261.6587,30.575089,199.9186,292.09195,272.4414,0.034994427,,2.5788944,,,
6261.811,30.58241,184.25008,275.0051,259.25595,0.033294667,,2.5895956,,,
6261.964,25.209885,184.00491,254.29988,245.99464,0.03148284,,2.5946748,,,
6262.116,23.579554,182.97221,240.95518,233.45447,0.029938534,,2.5884223,,,
6262.2686,24.190928,181.03119,225.0213,202.22243,0.031000968,,2.6054294,,,
6262.421,23.632124,177.12152,204.38387,176.69353,0.032730658,,2.617013,,,
6262.573,22.412737,172.18259,181.23346,157.4561,0.032260984,,2.6187656,,,
6262.7256,22.208946,161.93805,164.57901,142.42226,0.031348076,,2.604788,,,
6262.878,22.828049,150.18375,149.34775,123.50116,0.02907589,,2.607393,,,
6263.0303,26.141066,137.23299,137.7898,105.89693,0.030726308,,2.5945027,,,
6263.1826,26.548647,120.863144,127.819664,96.548996,0.032528125,,2.5899003,,,
6263.3354,28.382769,103.412384,114.1323,89.01608,0.034002133,,2.5867689,,,
6263.488,28.72426,87.947784,99.33492,82.39829,0.031847905,,2.5767887,,,
6263.64,30.762175,75.19254,86.376686,77.184044,0.03081435,,2.5482535,,,
6263.7925,34.029556,64.74381,77.11955,70.14265,0.030677613,,2.5076678,,,
6263.945,37.300587,59.206486,65.84631,64.55969,0.032191075,,2.4877813,,,
6264.097,39.949875,49.514793,57.516346,59.637676,0.032904007,,2.4827516,,,
6264.2495,40.96211,44.77923,52.497665,57.605686,0.033339866,,2.5187674,,,
6264.402,41.71545,44.575726,52.962936,56.204212,0.03384283,,2.5417678,,,
6264.554,40.492702,43.126892,51.95449,51.218872,0.035115372,,2.5778408,,,
6264.707,38.442383,40.127132,53.504852,51.24484,0.036674604,,2.577944,,,
6264.8594,36.928127,39.20672,52.041073,50.70706,0.036747407,,2.587705,,,
6265.0117,35.094006,34.23665,47.30011,42.892696,0.03660178,,2.5858078,,,
6265.164,32.655933,32.9676,41.076717,38.607655,0.036820244,,2.5887148,,,
6265.3164,31.175142,30.893805,36.522392,32.64156,0.036528945,,2.5853102,,,
6265.4688,35.047176,30.364782,35.118465,31.815784,0.036645457,,2.608246,,,
6265.621,37.497658,29.20635,34.710667,29.930437,0.036674604,,2.6342592,,,
6265.7734,39.31856,29.626348,33.20546,26.741922,0.036820244,,2.6331768,,,
6265.9263,45.331985,23.534304,29.468283,25.766972,0.036528945,,2.6151743,,,
6266.0786,46.962315,22.532764,24.945427,25.008892,0.03689308,,2.6374164,,,
6266.231,46.16037,22.19558,22.859877,22.926466,0.036674604,,2.6443264,,,
6266.3833,40.146942,19.790916,20.901884,23.390444,0.036965903,,2.6515179,,,
6266.5356,36.88089,18.67386,20.089148,22.349667,0.036761988,,2.6344848,,,
6266.688,43.809795,17.783766,19.148352,22.050953,0.036747407,,2.6225584,,,
6266.8403,46.45094,16.91897,17.869432,21.821507,0.03660178,,2.606676,,,
6266.9927,50.532154,15.954095,16.850506,19.87258,0.036820244,,2.5987093,,,
6267.145,47.89122,15.703358,16.438084,18.847265,0.036936775,,2.607444,,,
6267.298,50.131805,15.933231,16.979254,19.364979,0.03660178,,2.6351137,,,
6267.45,51.417393,16.766901,17.769945,20.299896,0.036936775,,2.6488004,,,
6267.6025,50.78963,17.903175,18.721321,21.5137,0.036703713,,2.6522593,,,
6267.755,47.742023,19.014008,19.947569,23.341991,0.03687852,,2.6569884,,,
6267.907,48.69814,20.245354,21.339376,25.449415,0.036936775,,2.6726983,,,
6268.0596,48.282932,21.945923,22.89853,27.985716,0.036674604,,2.647849,,,
6268.212,44.21852,23.489468,24.369123,30.723745,0.036820244,,2.606315,,,
6268.3643,37.79642,24.979765,25.86329,32.3189,0.036903497,,2.5770772,,,
6268.5166,33.94005,26.714577,28.97341,35.72306,0.036783826,,2.5381963,,,
6268.6694,38.412045,31.605295,32.469437,41.587246,0.036761988,,2.5226562,,,
6268.822,43.611393,38.205498,37.770046,47.928288,0.0367162,,2.5148826,,,
6268.974,44.222767,48.04018,44.95543,57.25904,0.03679784,,2.5142968,,,
6269.1265,40.54232,60.82516,56.795135,69.60665,0.036820244,,2.498195,,,
6269.279,36.466496,71.0281,65.829666,78.09537,0.036820244,,2.493296,,,
6269.431,38.51164,84.92529,75.38677,88.395424,0.036820244,,2.4930098,,,
6269.5835,37.0973,96.79144,81.8259,101.02725,0.036820244,,2.4938228,,,
6269.736,39.542797,106.226585,88.3304,108.58024,0.036820244,,2.4845195,,,
6269.8887,37.695137,110.977005,95.63556,112.073105,0.036820244,,2.4808784,,,
6270.041,40.21722,107.44026,103.41164,118.20708,0.036820244,,2.5013478,,,
6270.1934,40.413788,102.07386,106.90415,123.249985,0.036820244,,2.5443525,,,
6270.3457,39.79672,106.26772,109.57853,119.575554,0.036820244,,2.602227,,,
6270.498,38.50941,102.41271,116.71319,122.8372,0.036820244,,2.6448681,,,
6270.6504,38.89139,100.95144,123.391045,130.0539,0.036820244,,2.6483085,,,
6270.8027,40.533722,104.68523,128.39954,120.727936,0.036820244,,2.6642518,,,
6270.955,45.208897,105.99446,184.77147,123.95978,0.036820244,,2.6791391,,,
6271.1074,44.834137,107.45327,229.21472,145.8145,0.036820244,,2.7006342,,,
6271.2603,49.317547,104.863945,170.71964,159.44339,0.036820244,,2.6891055,,,
6271.4126,51.55925,101.67164,148.45702,128.87453,0.036820244,,2.6681142,,,
6271.565,58.89606,96.23618,144.48886,119.71399,0.036820244,,2.6389003,,,
6271.7173,58.089554,97.38327,124.46609,115.2911,0.036820244,,2.6382568,,,
6271.8696,56.060093,88.29445,119.80674,102.27475,0.036820244,,2.6426811,,,
6272.022,51.771404,84.439964,112.00405,104.35097,0.036820244,,2.6452928,,,
6272.1743,50.539997,85.70793,105.364075,90.84974,0.036820244,,2.6540134,,,
6272.3267,49.105007,86.410904,101.45966,87.69529,0.036820244,,2.6558266,,,
6272.479,44.01897,84.59369,101.1204,87.84475,0.036820244,,2.633234,,,
6272.632,38.179245,87.21014,107.30315,92.23642,0.036820244,,2.6062849,,,
6272.784,36.738674,96.74513,117.14174,98.73856,0.036820244,,2.6007438,,,
6272.9365,38.376034,101.613495,136.64005,109.50118,0.036820244,,2.5984545,,,
6273.089,42.796555,115.02493,150.28287,124.144135,0.036820244,,2.581771,,,
6273.241,40.568882,134.44824,168.56392,137.41127,0.036820244,,2.558397,,,
6273.3936,41.980663,124.74973,178.68321,167.3678,0.036820244,,2.5588882,,,
6273.546,37.56563,127.16391,158.54836,157.59766,0.036820244,,2.6020434,,,
6273.698,38.1708,148.14139,147.12819,145.33069,0.036820244,,2.6529624,,,
6273.851,31.249628,135.01546,165.27325,145.10236,0.036820244,,2.6856296,,,
6274.0034,35.43909,125.08847,261.43207,227.98018,0.036820244,,2.663356,,,
6274.156,36.477707,115.54891,278.33173,224.53008,0.036820244,,2.6526403,,,
6274.308,39.126995,127.021255,280.2579,225.9111,0.036820244,,2.6384637,,,
6274.4604,33.023525,134.92117,282.78925,221.31186,0.036820244,,2.6424046,,,
6274.613,28.934248,133.80429,276.82553,208.32341,0.036820244,,2.6383352,,,
6274.765,23.6228,144.32324,275.1302,200.96275,0.036820244,,2.6059642,,,
6274.9175,25.048628,133.30777,279.5076,179.59026,0.036820244,,2.5760736,,,
6275.07,26.678957,147.81946,188.25446,159.42548,0.036820244,,2.5513992,,,
6275.2227,32.386395,142.25499,246.66206,178.8053,0.036820244,,2.552034,,,
6275.375,38.112923,138.8481,253.96223,170.69691,0.036820244,,2.5646477,,,
6275.5273,36.482594,137.04825,216.81396,153.04634,0.036820244,,2.5747073,,,
6275.6797,37.920727,146.38821,185.67734,144.7075,0.036820244,,2.5924482,,,
6275.832,33.014248,164.73875,185.48958,128.57277,0.036820244,,2.5979214,,,
6275.9844,33.009567,186.55824,187.30402,135.06296,0.036820244,,2.5968306,,,
6276.1367,31.583025,193.5739,170.26227,127.66792,0.036820244,,2.5692356,,,
6276.289,31.990608,188.86499,150.8823,114.807846,0.036820244,,2.552909,,,
6276.4414,36.794785,167.23065,139.70833,107.68335,0.036820244,,2.5594482,,,
6276.594,36.596695,152.17032,122.496994,99.1993,0.036820244,,2.572919,,,
6276.7466,35.174946,138.44884,113.69886,93.254944,0.036820244,,2.5845702,,,
6276.899,32.617153,129.70691,109.69236,84.72829,0.036820244,,2.5667562,,,
6277.0513,35.464527,125.83083,102.7151,79.49795,0.036820244,,2.5552475,,,
6277.2036,38.102924,120.50675,97.860725,75.47942,0.036820244,,2.5653594,,,
6277.356,40.140835,114.74138,92.43831,71.19794,0.036820244,,2.5782397,,,
6277.5083,36.47259,111.93727,88.37955,67.32813,0.036820244,,2.5838158,,,
6277.6606,32.81045,110.33202,86.33883,65.54534,0.036820244,,2.5895495,,,
6277.8135,27.8835,109.84602,86.78949,65.21952,0.036820244,,2.5911615,,,
6277.966,26.053757,110.1576,88.71237,66.03383,0.036820244,,2.5823028,,,
6278.118,25.442383,110.55927,91.28255,67.78424,0.036820244,,2.5672917,,,
6278.2705,26.265654,110.46084,94.3265,70.51788,0.036820244,,2.5615935,,,
6278.423,27.687813,110.06014,98.95774,74.21027,0.036820244,,2.561244,,,
6278.575,32.782597,112.36087,103.12277,80.012146,0.036820244,,2.5515962,,,
6278.7275,33.273754,112.55574,107.20485,84.47182,0.036820244,,2.5418487,,,
6278.88,30.624468,112.884186,112.04904,90.67539,0.036820244,,2.5287316,,,
6279.032,24.503815,113.55871,117.27056,97.29606,0.036820244,,2.5209532,,,
6279.185,22.547829,114.4248,122.79886,103.95196,0.036820244,,2.5192225,,,
6279.3374,25.400908,115.5063,128.59732,110.31229,0.036820244,,2.5364182,,,
6279.4897,27.038153,116.751884,130.59387,116.189285,0.036820244,,2.5806475,,,
6279.642,27.919464,118.89978,134.85324,120.00036,0.036820244,,2.6198208,,,
6279.7944,26.289133,119.75269,137.86514,124.96819,0.036820244,,2.6171494,,,
6279.947,25.473969,120.46809,139.35997,127.13902,0.036820244,,2.638096,,,
6280.099,26.69163,120.91304,145.34877,130.30127,0.036820244,,2.64869,,,
6280.2515,28.316772,122.77059,154.50882,134.31015,0.036820244,,2.6418512,,,
6280.404,31.717588,123.58543,162.81422,144.0739,0.036820244,,2.6468415,,,
6280.5566,33.14921,125.436104,175.19771,152.293,0.036820244,,2.6333296,,,
6280.709,33.96397,127.832756,183.9116,161.85786,0.036820244,,2.6250398,,,
6280.8613,36.676895,129.78018,187.41469,167.77101,0.036820244,,2.6083078,,,
6281.0137,40.141346,128.45535,188.37233,165.7197,0.036820244,,2.5991304,,,
6281.166,43.20381,127.28082,188.02937,157.98033,0.036820244,,2.584028,,,
6281.3184,44.42656,126.112854,184.90569,151.77744,0.036820244,,2.584656,,,
6281.4707,42.782806,125.78945,183.96982,148.49855,,,2.5917885,,,
6281.623,42.58604,122.95591,180.34514,144.27142,,,2.5957325,,,
6281.776,41.159504,121.03872,177.36946,139.68822,,,2.5975904,,,
6281.928,40.827312,117.50087,176.73509,135.38123,,,2.6016283,,,
6282.0806,40.202194,115.88901,171.85075,133.22823,,,2.6101947,,,
6282.233,39.59082,109.82727,169.14865,131.3143,,,2.6209524,,,
6282.3853,41.56677,110.31431,167.79306,130.7347,,,2.6117435,,,
6282.5376,39.127987,114.10587,168.5669,132.73476,,,2.625214,,,
6282.69,38.516613,119.63608,173.24138,139.52328,,,2.6519327,,,
6282.8423,32.597515,124.244,181.65416,148.0851,,,2.6784992,,,
6282.9946,35.865303,134.90956,193.78595,154.97263,,,2.6643138,,,
6283.1475,34.51761,137.52094,199.6884,157.7587,,,2.6572144,,,
6283.3,36.768467,132.05594,194.84473,167.87651,,,2.626429,,,
6283.452,35.53859,122.387276,183.74878,177.71745,,,2.6487308,,,
6283.6045,36.67944,114.459854,172.48132,187.97028,,,2.6723,,,
6283.757,34.437733,113.48774,176.12964,193.82799,,,2.669665,,,
6283.909,34.274395,115.72703,181.06252,191.02208,,,2.6347067,,,
6284.0615,37.130527,118.40034,182.57095,205.43665,,,2.6277118,,,
6284.214,41.923218,123.0926,199.49078,205.00131,,,2.6207964,,,
6284.366,40.054142,120.720894,196.17778,177.03534,,,2.6123166,,,
6284.519,36.549328,115.79278,170.3337,171.557,,,2.6197069,,,
6284.6714,33.99264,115.225945,164.15788,153.24753,,,2.6297584,,,
6284.8237,34.99497,114.75269,157.69522,155.68309,,,2.626625,,,
6284.976,37.68462,112.87412,155.9868,160.63634,,,2.6155622,,,
6285.1284,43.52318,110.659386,153.21286,147.56558,,,2.5948844,,,
6285.281,42.097195,107.21814,146.55351,141.59236,,,2.5868442,,,
6285.433,39.249817,105.291214,143.22945,138.10083,,,2.5744364,,,
6285.5854,33.361973,104.35246,142.24275,138.10474,,,2.5683603,,,
6285.7383,30.927055,101.11997,144.6971,141.29993,,,2.5576713,,,
6285.8906,27.456902,98.81605,142.08693,144.02267,,,2.5676765,,,
6286.043,26.141066,97.49289,136.52054,147.76366,,,2.5924265,,,
6286.1953,28.994143,93.67802,136.70268,150.44919,,,2.5895123,,,
6286.3477,31.736933,92.99936,140.04202,160.5676,,,2.5698621,,,
6286.5,28.828138,91.27753,139.0952,164.46309,,,2.5750651,,,
6286.6523,28.018066,86.72147,132.55797,167.16908,,,2.565421,,,
6286.8047,25.404266,78.81947,123.648224,178.6705,,,2.5439603,,,
6286.957,27.849762,71.44674,114.8482,189.66008,,,2.526237,,,
6287.11,29.661234,65.68306,108.99747,196.573,,,2.520327,,,
6287.262,32.18153,63.33651,101.64581,203.7108,,,2.531155,,,
6287.4146,34.830814,60.04055,95.653015,200.11055,,,2.5589368,,,
6287.567,36.562458,56.488327,90.862366,194.11378,,,2.586944,,,
6287.719,38.61301,54.405296,86.60784,182.45059,,,2.6191273,,,
6287.8716,39.264835,51.24822,81.62135,166.4334,,,2.6531568,,,
6288.024,36.73558,48.92094,75.666214,148.21553,,,2.6571796,,,
6288.1763,36.100445,47.607403,70.63395,128.69858,,,2.6571305,,,
6288.3286,35.6462,44.28934,64.50429,110.21787,,,2.6546526,,,
6288.4814,38.703068,44.230892,61.559906,100.22734,,,2.662857,,,
6288.634,39.351524,44.456158,62.065147,95.02208,,,2.6637237,,,
6288.786,40.166283,45.046967,65.58126,88.5483,,,2.670643,,,
6288.9385,36.91112,48.291065,73.050766,89.15746,,,2.679827,,,
6289.091,38.515503,45.920765,72.09853,83.40268,,,2.6886685,,,
6289.243,38.38029,41.848866,63.60574,69.77026,,,2.6739445,,,
6289.3955,40.005123,37.796272,49.350876,52.074707,,,2.6623747,,,
6289.548,37.757416,30.050196,41.454098,41.72824,,,2.6521053,,,
6289.7,39.12199,28.742939,36.527187,34.6891,,,2.6412814,,,
6289.853,37.1833,31.01276,37.358242,36.894684,,,2.631187,,,
6290.0054,34.127956,35.37054,45.917747,41.315807,,,2.6239383,,,
6290.1577,26.591143,41.328697,56.53811,43.630875,,,2.63348,,,
6290.31,20.915518,42.839672,62.454456,46.138325,,,2.666752,,,
6290.4624,20.308622,41.82069,62.139355,44.294304,,,2.6868517,,,
6290.6147,23.199453,38.18403,57.67007,46.445198,,,2.6914732,,,
6290.767,27.960688,34.98281,56.10398,48.66307,,,2.671662,,,
6290.9194,30.813766,35.138622,61.95109,52.945274,,,2.6580663,,,
6291.0723,33.862984,39.488842,71.290184,61.657677,,,2.6426897,,,
6291.2246,35.295124,43.817867,91.122246,69.44178,,,2.6068046,,,
6291.377,37.74062,45.65126,108.162994,76.445366,,,2.59841,,,
6291.5293,37.9658,46.981342,104.90028,83.91964,,,2.5960448,,,
6291.6816,41.832233,45.08675,98.35102,89.157906,,,2.6176174,,,
6291.834,38.775364,36.43202,99.16843,92.89165,,,2.6359236,,,
6291.9863,39.535576,34.200333,99.233086,99.9753,,,2.6462612,,,
6292.1387,39.065037,35.4923,88.10646,113.09808,,,2.6468222,,,
6292.291,42.9443,33.333183,75.879845,95.331245,,,2.651876,,,
6292.444,40.7084,30.457308,73.71538,91.92905,,,2.643111,,,
6292.596,33.52036,28.833921,57.40396,69.01711,,,2.6344042,,,
6292.7485,29.437302,26.607513,42.51143,51.81633,,,2.6156738,,,
6292.901,29.018318,24.282303,34.910633,37.432594,,,2.5988371,,,
6293.053,33.608906,27.661074,35.673004,42.875202,,,2.5997918,,,
6293.2056,37.68473,34.66084,44.759632,51.222115,,,2.6021214,,,
6293.358,42.845047,38.94689,49.26351,58.5242,,,2.6320143,,,
6293.5103,45.10501,42.141136,62.256187,75.38695,,,2.6423676,,,
6293.6626,45.043182,51.186714,65.13394,85.44617,,,2.6614368,,,
6293.8154,41.518787,54.715355,66.06147,95.659325,,,2.6652386,,,
6293.968,41.104076,59.354214,64.17563,105.29848,,,2.6472833,,,
6294.12,37.829678,66.69238,61.18736,109.17981,,,2.63283,,,
6294.2725,38.44105,74.82969,57.087032,102.204475,,,2.6345115,,,
6294.425,39.637424,87.61907,52.696457,88.73615,,,2.6312094,,,
6294.577,41.145844,89.91543,51.225414,73.64906,,,2.6171365,,,
6294.7295,38.496555,74.960945,44.371536,57.59011,,,2.6090453,,,
6294.882,32.816776,57.64747,35.0362,42.964233,,,2.6236327,,,
6295.0347,29.780306,48.49597,26.137245,33.014015,,,2.639855,,,
6295.187,26.315855,40.25963,20.936811,27.68146,,,2.6361554,,,
6295.3394,25.018309,33.6002,19.523258,20.728207,,,2.6452105,,,
6295.4917,25.1905,25.94903,18.290493,19.264418,,,2.6061983,,,
6295.644,27.427423,23.525331,18.165613,16.044767,,,2.5907562,,,
6295.7964,31.806618,20.412079,15.459386,11.932809,,,2.574042,,,
6295.9487,34.053204,14.936852,12.047097,11.780718,,,2.5728917,,,
6296.101,34.261776,10.54275,9.937426,10.6024475,,,2.5579417,,,
6296.2534,32.28381,8.091108,7.8040814,9.524663,,,2.5543687,,,
6296.4062,32.484547,6.6159973,6.470456,8.540245,,,2.551405,,,
6296.5586,35.745205,5.475027,5.920642,7.8646703,,,2.5369751,,,
6296.711,35.44652,4.986846,5.348214,7.438025,,,2.521272,,,
6296.8633,36.770782,4.499027,4.993948,6.8840733,,,2.5151963,,,
6297.0156,34.121494,4.164625,4.566387,8.786612,,,2.5106604,,,
6297.168,34.74304,3.8300562,4.073034,8.606462,,,2.5215638,,,
6297.3203,30.362673,3.4527524,3.7682369,7.6615615,,,2.5164695,,,
6297.4727,30.566465,3.6028776,3.7831352,7.2126684,,,2.5032692,,,
6297.625,31.38163,3.79265,4.0779705,7.445989,,,2.4907804,,,
6297.778,36.184082,3.958278,4.423663,8.462902,,,2.5049508,,,
6297.93,35.567722,4.069881,4.540249,8.804277,,,2.517879,,,
6298.0825,35.981316,3.8966248,4.3668113,7.3504944,,,2.5268998,,,
6298.235,33.58009,3.8055618,4.2070746,7.074887,,,2.5217972,,,
6298.387,34.60403,3.7538438,4.257609,6.6738343,,,2.5352986,,,
6298.5396,33.782856,3.9277103,4.483923,6.775484,,,2.535195,,,
6298.692,32.473095,3.9528997,4.6966124,6.8235006,,,2.53543,,,
6298.844,32.88068,4.060787,4.851352,6.6495414,,,2.5148332,,,
6298.997,29.416227,4.1329484,4.894411,7.470849,,,2.4997382,,,
6299.1494,27.447151,4.1464567,4.90623,7.3711896,,,2.4811435,,,
6299.302,24.797865,4.16458,4.9677477,7.7671456,,,2.4743192,,,
6299.454,25.794882,4.156368,5.0578055,7.844332,,,2.4913924,,,
6299.6064,27.082361,4.143553,4.8804216,8.329691,,,2.5275025,,,
6299.759,25.655823,4.0611815,4.7638493,7.8976345,,,2.5673509,,,
6299.911,25.64647,3.8217726,4.5328875,7.9760084,,,2.609728,,,
